first_name,last_name,gender,bikes_purchased,DOB,age,age_group,state,job_title,job_industry_category,wealth_segment,owns_car,tenure,tenure_period,property_valuation,valuation_category,predicted_value
Benedict,Rosas,Male,73,1955-11-25,68.0,60-70,NSW,Actuary,Financial Services,High Net Worth,Yes,15,>15,6,6-9,82.65
Wilfrid,Gertray,Male,1,1942-08-23,81.0,>70,NSW,Accounting Assistant I,Financial Services,Mass Customer,No,16,>15,8,6-9,76.26
Donica,Humby,Female,47,1967-06-01,56.0,50-60,NSW,Senior Cost Accountant,Financial Services,Mass Customer,No,4,<5,12,>9,73.88
Parnell,Lamprey,Male,23,1977-04-08,47.0,40-50,NSW,Engineer III,Financial Services,High Net Worth,No,12,10-15,6,6-9,73.13
Melosa,McOwan,Female,25,2001-04-17,23.0,20-30,NSW,Compensation Analyst,Financial Services,Mass Customer,No,12,10-15,9,>9,72.5
Briana,Trill,Female,5,1944-03-18,80.0,>70,NSW,Health Coach III,Health,High Net Worth,No,11,10-15,11,>9,72.38
Colas,Gabbitas,Male,98,1946-09-09,77.0,>70,NSW,Staff Scientist,Retail,High Net Worth,No,20,>15,9,>9,71.88
Dylan,Stranio,Male,47,1953-04-02,71.0,>70,NSW,Project Manager,Manufacturing,High Net Worth,Yes,9,5-10,8,6-9,71.63
Paten,Cayet,Male,56,1995-02-19,29.0,20-30,VIC,Assistant Manager,Manufacturing,Affluent Customer,Yes,16,>15,1,<3,70.97
Nico,Chadwick,Male,97,1953-05-24,70.0,>70,VIC,Research Assistant IV,Financial Services,Affluent Customer,No,13,10-15,8,6-9,70.72
Kaine,Smallcombe,Male,59,1942-02-06,82.0,>70,NSW,Senior Financial Analyst,Financial Services,High Net Worth,No,11,10-15,10,>9,70.52
Solomon,Bruck,Male,29,1957-11-15,66.0,60-70,QLD,Junior Executive,Health,Mass Customer,No,12,10-15,8,6-9,70.16
Donaugh,Benedict,Male,3,1991-12-01,32.0,30-40,NSW,Systems Administrator III,Property,Mass Customer,No,12,10-15,9,>9,69.81
Manny,Mandy,Male,36,1977-01-28,47.0,40-50,QLD,Account Representative III,Argiculture,Mass Customer,No,16,>15,7,6-9,69.51
Calhoun,Mussington,Male,98,1992-10-13,31.0,30-40,NSW,Dental Hygienist,Health,Mass Customer,No,12,10-15,9,>9,69.49
Maribeth,Stivani,Female,46,1954-11-13,69.0,60-70,NSW,Associate Professor,Financial Services,Mass Customer,No,7,5-10,8,6-9,69.24
Inglebert,Butland,Male,71,1966-01-30,58.0,50-60,NSW,Actuary,Financial Services,Mass Customer,Yes,7,5-10,9,>9,69.07
Stearne,Trolley,Male,42,1982-02-01,42.0,40-50,NSW,Automation Specialist IV,Financial Services,High Net Worth,No,14,10-15,11,>9,68.88
Francklin,Cross,Male,51,1981-04-06,43.0,40-50,NSW,Teacher,Property,Mass Customer,Yes,3,<5,10,>9,68.36
Cal,Van den Velde,Male,22,1996-03-18,28.0,20-30,VIC,Senior Sales Associate,Financial Services,Affluent Customer,Yes,6,5-10,6,6-9,68.01
Duff,Karlowicz,Male,50,1972-04-28,52.0,50-60,NSW,Speech Pathologist,Manufacturing,Mass Customer,Yes,5,5-10,10,>9,67.96
Elvira,Kurten,Female,65,1973-03-18,51.0,50-60,NSW,Assistant Professor,Financial Services,High Net Worth,No,12,10-15,3,3-6,67.58
Rodney,Trethewey,Male,16,1997-03-17,27.0,20-30,VIC,Software Consultant,Financial Services,Affluent Customer,No,15,>15,8,6-9,67.57
Daryl,Pauncefort,Female,12,1979-06-18,44.0,40-50,NSW,Community Outreach Specialist,Financial Services,Mass Customer,Yes,12,10-15,3,3-6,66.26
Fayre,Brannigan,Female,32,1992-10-13,31.0,30-40,NSW,Geological Engineer,Manufacturing,Mass Customer,Yes,9,5-10,10,>9,65.97
Lea,Ilyinski,Female,75,1997-09-25,26.0,20-30,NSW,Structural Analysis Engineer,Financial Services,High Net Worth,No,12,10-15,12,>9,65.89
Averil,Ackery,Male,93,1970-09-09,53.0,50-60,NSW,Sales Representative,Retail,Mass Customer,Yes,7,5-10,12,>9,65.86
Evangelin,Boc,Female,30,2000-05-09,24.0,20-30,VIC,Structural Analysis Engineer,Manufacturing,High Net Worth,Yes,14,10-15,8,6-9,65.54
Cliff,Philipsson,Male,82,1967-02-02,57.0,50-60,VIC,Structural Analysis Engineer,Argiculture,Mass Customer,No,16,>15,10,>9,65.37
Odilia,Quick,Female,65,1938-11-09,85.0,>70,NSW,General Manager,Manufacturing,Affluent Customer,Yes,11,10-15,11,>9,65.29
Craggie,Dering,Male,47,1952-10-05,71.0,>70,NSW,Actuary,Financial Services,Mass Customer,No,7,5-10,10,>9,65.24
Anson,Dearnaly,Male,68,1997-06-29,26.0,20-30,NSW,Data Coordiator,Health,Affluent Customer,Yes,11,10-15,11,>9,65.09
Stephani,Sidsaff,Female,32,1973-09-29,50.0,50-60,NSW,Senior Quality Engineer,Financial Services,Mass Customer,Yes,6,5-10,11,>9,65.08
Olia,O' Mullan,Female,77,1973-03-24,51.0,50-60,NSW,Account Executive,Health,Mass Customer,No,8,5-10,7,6-9,64.92
Carroll,Schlagman,Female,61,1951-08-25,72.0,>70,NSW,Clinical Specialist,Health,Affluent Customer,No,13,10-15,9,>9,64.86
Corinna,Beretta,Female,24,1996-02-29,28.0,20-30,VIC,Programmer III,Health,High Net Worth,No,12,10-15,7,6-9,64.67
Dorothy,Barnardo,Female,58,1983-02-01,41.0,40-50,NSW,Human Resources Manager,Retail,High Net Worth,No,12,10-15,8,6-9,64.42
Adriena,Giffin,Female,27,1957-03-17,67.0,60-70,NSW,Analog Circuit Design manager,Argiculture,Affluent Customer,Yes,5,5-10,9,>9,64.37
Sonia,Dunstall,Female,0,1975-07-30,48.0,40-50,NSW,Accountant III,Financial Services,Mass Customer,No,10,10-15,9,>9,64.36
Keenan,Moriarty,Male,67,1994-12-23,29.0,20-30,QLD,Actuary,Financial Services,Mass Customer,Yes,2,<5,8,6-9,64.35
Alick,Baise,Male,62,1998-08-16,25.0,20-30,NSW,Pharmacist,Health,Mass Customer,Yes,1,<5,8,6-9,64.24
Gina,Mallon,Female,56,1994-02-11,30.0,30-40,QLD,Dental Hygienist,Health,Mass Customer,No,12,10-15,2,<3,64.12
Maris,Leete,Female,21,1973-04-14,51.0,50-60,QLD,Engineer IV,Retail,Mass Customer,No,7,5-10,4,3-6,64.01
Taylor,Steuhlmeyer,Male,62,1999-03-22,25.0,20-30,QLD,Paralegal,Financial Services,Affluent Customer,Yes,5,5-10,8,6-9,63.86
Irving,Babcock,Male,60,1986-01-17,38.0,30-40,NSW,Dental Hygienist,Health,High Net Worth,Yes,15,>15,1,<3,63.82
Sammy,Borsi,Female,99,1972-04-27,52.0,50-60,NSW,Accountant III,Financial Services,Mass Customer,No,5,5-10,7,6-9,63.73
Deirdre,Burgoine,Female,14,1955-01-08,69.0,60-70,VIC,Programmer III,Health,High Net Worth,No,7,5-10,1,<3,63.68
Moll,Ogilby,Female,25,1980-12-19,43.0,40-50,QLD,Research Assistant III,Manufacturing,Mass Customer,Yes,13,10-15,6,6-9,63.67
Shaw,MacEvilly,Male,10,2000-05-06,24.0,20-30,NSW,Software Test Engineer III,Health,Affluent Customer,No,16,>15,9,>9,63.52
Guss,Karim,Male,95,1968-11-24,55.0,50-60,NSW,Senior Sales Associate,Manufacturing,Mass Customer,No,7,5-10,11,>9,63.5
Tristam,Larose,Male,70,1985-01-29,39.0,30-40,NSW,VP Accounting,Financial Services,Mass Customer,No,17,>15,11,>9,63.48
Rubia,Evetts,Female,59,1990-12-21,33.0,30-40,NSW,Pharmacist,Health,Mass Customer,No,16,>15,9,>9,63.45
Charmain,Styles,Female,49,1965-02-25,59.0,50-60,VIC,Programmer Analyst I,Property,High Net Worth,Yes,18,>15,7,6-9,63.2
Antonietta,Egle,Female,82,1973-09-25,50.0,50-60,VIC,Actuary,Financial Services,Mass Customer,No,7,5-10,7,6-9,63.04
Ashlen,Willbond,Female,64,1984-05-15,40.0,40-50,VIC,Software Consultant,Health,High Net Worth,No,16,>15,8,6-9,62.43
Levin,Coxen,Male,13,1955-10-22,68.0,60-70,NSW,Accountant I,Property,Mass Customer,No,20,>15,8,6-9,62.39
Sandor,Stirland,Male,67,1981-05-26,42.0,40-50,VIC,Web Developer IV,Manufacturing,High Net Worth,No,12,10-15,10,>9,62.32
Davide,Senten,Male,22,1941-02-23,83.0,>70,NSW,Accounting Assistant II,Manufacturing,Mass Customer,No,11,10-15,9,>9,62.28
Madison,Lars,Male,11,1967-01-19,57.0,50-60,QLD,Health Coach III,Health,Mass Customer,No,19,>15,9,>9,62.27
Thorvald,Duckerin,Male,58,1995-10-20,28.0,20-30,VIC,Electrical Engineer,Manufacturing,Affluent Customer,Yes,1,<5,8,6-9,62.19
Palmer,Heaven,Male,82,1995-05-18,29.0,20-30,VIC,Staff Scientist,Financial Services,Affluent Customer,Yes,9,5-10,6,6-9,62.13
Maury,Galego,Male,65,1992-07-27,31.0,30-40,VIC,Social Worker,Health,High Net Worth,Yes,3,<5,10,>9,62.11
Leticia,Hovenden,Female,98,1997-04-03,27.0,20-30,VIC,Mechanical Systems Engineer,Retail,Mass Customer,Yes,1,<5,9,>9,62.01
Reinaldos,Simmig,Male,55,1955-01-15,69.0,60-70,VIC,Nurse Practicioner,Manufacturing,High Net Worth,No,8,5-10,10,>9,61.86
Jammal,Devenny,Male,57,1999-05-14,25.0,20-30,VIC,Marketing Manager,Retail,High Net Worth,No,12,10-15,9,>9,61.83
Damian,Renard,Male,43,1976-07-19,47.0,40-50,NSW,Software Consultant,Retail,Affluent Customer,No,8,5-10,10,>9,61.77
Beverlee,Querree,Female,42,1991-04-21,33.0,30-40,NSW,Marketing Manager,Financial Services,High Net Worth,Yes,12,10-15,12,>9,61.74
Ebony,Conrad,Female,8,1999-10-24,24.0,20-30,VIC,Environmental Tech,Financial Services,Mass Customer,Yes,16,>15,7,6-9,61.43
Jim,Haddrell,Male,55,1955-04-08,69.0,60-70,NSW,Associate Professor,Financial Services,Mass Customer,No,9,5-10,3,3-6,61.34
Gardiner,Gypps,Male,91,1991-06-01,32.0,30-40,NSW,VP Product Management,Retail,Mass Customer,Yes,13,10-15,9,>9,61.31
Moina,Rosenbaum,Female,50,2001-08-04,22.0,20-30,VIC,Graphic Designer,IT,Mass Customer,No,14,10-15,10,>9,61.1
Julita,Prene,Female,14,1979-05-16,45.0,40-50,QLD,Chemical Engineer,Manufacturing,High Net Worth,Yes,13,10-15,2,<3,60.92
Patricia,Everix,Female,34,1978-02-19,46.0,40-50,NSW,Director of Sales,Health,Mass Customer,No,19,>15,7,6-9,60.85
Jamal,Dudgeon,Male,83,1965-02-09,59.0,50-60,VIC,Mechanical Systems Engineer,Financial Services,Mass Customer,No,7,5-10,5,3-6,60.82
Michele,Pammenter,Male,23,1983-06-26,40.0,40-50,VIC,Teacher,Health,High Net Worth,No,2,<5,8,6-9,60.71
Giffie,Offill,Male,51,1993-03-02,31.0,30-40,QLD,Structural Engineer,Telecommunications,Affluent Customer,No,5,5-10,3,3-6,60.69
Dominick,Asher,Male,50,1962-10-06,61.0,60-70,VIC,Research Associate,Health,Affluent Customer,Yes,5,5-10,9,>9,60.53
Gerta,Porrett,Female,46,1959-11-13,64.0,60-70,VIC,Registered Nurse,Health,High Net Worth,No,12,10-15,2,<3,60.43
Reinald,Bembrigg,Male,54,1953-08-21,70.0,>70,NSW,Senior Financial Analyst,Financial Services,Affluent Customer,No,10,10-15,7,6-9,60.4
Morganica,Bentke,Female,40,1977-01-03,47.0,40-50,VIC,Marketing Assistant,IT,Affluent Customer,Yes,21,>15,11,>9,60.3
Carola,Philler,Female,73,1951-04-30,73.0,>70,NSW,Dental Hygienist,Health,High Net Worth,No,15,>15,7,6-9,60.19
Cherye,Stanfield,Female,0,1981-07-05,42.0,40-50,NSW,Environmental Tech,Manufacturing,Affluent Customer,No,13,10-15,9,>9,60.09
Ted,Izacenko,Male,3,1959-08-01,64.0,60-70,VIC,Librarian,Entertainment,High Net Worth,No,9,5-10,10,>9,60.06
Wheeler,Godsil,Male,51,1993-09-20,30.0,30-40,NSW,Geologist IV,Manufacturing,Affluent Customer,Yes,6,5-10,9,>9,60.02
Emeline,Vezey,Female,37,1953-08-07,70.0,>70,VIC,Dental Hygienist,Health,Affluent Customer,Yes,19,>15,7,6-9,59.94
Hedwig,Jayme,Female,38,1952-08-21,71.0,>70,NSW,Accountant IV,Property,Affluent Customer,No,11,10-15,10,>9,59.87
Lizette,McKeaveney,Female,30,1994-04-11,30.0,30-40,NSW,Assistant Manager,Health,High Net Worth,Yes,13,10-15,10,>9,59.81
Rafi,Brettelle,Male,89,1956-08-12,67.0,60-70,NSW,Operator,Health,High Net Worth,No,6,5-10,10,>9,59.81
Jackie,Pays,Male,21,1955-11-09,68.0,60-70,NSW,Developer I,Health,Mass Customer,No,9,5-10,12,>9,59.69
Karly,Willavize,Female,2,1954-08-12,69.0,60-70,NSW,Internal Auditor,Manufacturing,High Net Worth,No,12,10-15,10,>9,59.65
Sibby,Skinner,Female,25,1981-05-05,43.0,40-50,QLD,Accountant IV,Manufacturing,Mass Customer,Yes,12,10-15,7,6-9,59.61
Malorie,Votier,Female,90,1990-05-29,33.0,30-40,QLD,Graphic Designer,Manufacturing,Affluent Customer,No,4,<5,5,3-6,59.55
Felice,Dechelette,Male,75,1998-02-05,26.0,20-30,QLD,Librarian,Entertainment,High Net Worth,No,3,<5,4,3-6,59.49
Shay,Briand,Male,57,1956-10-05,67.0,60-70,VIC,Project Manager,IT,Mass Customer,Yes,9,5-10,1,<3,59.45
Anthony,Morison,Male,7,1938-06-08,85.0,>70,NSW,General Manager,Health,Mass Customer,No,12,10-15,9,>9,59.43
Shadow,Yakutin,Male,85,1967-02-03,57.0,50-60,QLD,Software Test Engineer IV,Health,Affluent Customer,Yes,6,5-10,2,<3,59.42
Jacobo,Mucklow,Male,62,1952-12-04,71.0,>70,VIC,Computer Systems Analyst I,Financial Services,High Net Worth,Yes,22,>15,8,6-9,59.27
Gale,Disbrow,Female,59,1977-05-14,47.0,40-50,VIC,Cost Accountant,Financial Services,Mass Customer,Yes,17,>15,7,6-9,59.24
Lolly,Prewer,Female,44,1997-10-23,26.0,20-30,NSW,Geologist I,Health,Mass Customer,No,15,>15,7,6-9,59.22
Joane,Caldes,Female,84,1978-03-17,46.0,40-50,NSW,Senior Cost Accountant,Financial Services,High Net Worth,Yes,13,10-15,7,6-9,59.18
Franklin,Wohler,Male,55,1938-10-16,85.0,>70,NSW,Clinical Specialist,Health,Mass Customer,Yes,7,5-10,8,6-9,59.06
Flossy,Concannon,Female,64,1980-10-20,43.0,40-50,VIC,Staff Accountant IV,Financial Services,Affluent Customer,No,8,5-10,2,<3,59.06
Keelby,Sudlow,Male,96,1988-09-01,35.0,30-40,VIC,Marketing Assistant,Manufacturing,High Net Worth,No,12,10-15,8,6-9,58.97
Rochette,Haddacks,Female,44,1996-05-10,28.0,20-30,VIC,Tax Accountant,Retail,Affluent Customer,Yes,13,10-15,8,6-9,58.91
Hersh,Stubbert,Male,0,2000-06-25,23.0,20-30,QLD,Technical Writer,Manufacturing,Mass Customer,Yes,15,>15,8,6-9,58.87
Karrah,Howell,Female,63,1956-11-07,67.0,60-70,NSW,Civil Engineer,Manufacturing,Mass Customer,No,17,>15,9,>9,58.8
Padriac,Collacombe,Male,67,1967-04-07,57.0,50-60,NSW,Software Consultant,Health,Affluent Customer,No,13,10-15,10,>9,58.75
Rozamond,Riha,Female,54,1984-10-07,39.0,30-40,QLD,Account Representative I,Manufacturing,Affluent Customer,Yes,16,>15,7,6-9,58.69
Ajay,Worham,Female,80,1979-09-30,44.0,40-50,NSW,Computer Systems Analyst I,Manufacturing,Mass Customer,Yes,12,10-15,6,6-9,58.68
Ricki,Padefield,Male,43,1948-08-03,75.0,>70,QLD,Automation Specialist III,Manufacturing,Affluent Customer,Yes,13,10-15,9,>9,58.56
Brien,Heaton,Male,70,1951-11-28,72.0,>70,NSW,Clinical Specialist,Health,Mass Customer,Yes,12,10-15,2,<3,58.54
Nil,Shirer,Male,64,1997-09-27,26.0,20-30,VIC,Librarian,Entertainment,Mass Customer,Yes,7,5-10,8,6-9,58.48
Sean,O'Loughlin,Male,48,1961-03-22,63.0,60-70,NSW,Database Administrator III,Manufacturing,High Net Worth,Yes,16,>15,10,>9,58.45
Casandra,Betteridge,Female,29,1942-09-10,81.0,>70,VIC,Cost Accountant,Financial Services,Affluent Customer,Yes,9,5-10,10,>9,58.4
Dolorita,Strutton,Female,7,1991-05-21,32.0,30-40,VIC,General Manager,Manufacturing,Affluent Customer,No,17,>15,8,6-9,58.35
Hilliard,Dullard,Male,65,1954-07-18,69.0,60-70,NSW,Civil Engineer,Manufacturing,Mass Customer,No,17,>15,8,6-9,58.35
Ethelred,Sissel,Male,83,1974-12-25,49.0,40-50,NSW,Programmer Analyst IV,Health,High Net Worth,No,18,>15,8,6-9,58.29
Vyky,Pegg,Female,64,1943-03-15,81.0,>70,NSW,Quality Control Specialist,Manufacturing,Mass Customer,Yes,11,10-15,7,6-9,58.22
Tannie,Gambrell,Male,92,1967-05-25,56.0,50-60,QLD,Financial Analyst,Financial Services,Affluent Customer,No,4,<5,4,3-6,58.15
Reiko,Degenhardt,Female,83,1976-01-16,48.0,40-50,QLD,Financial Analyst,Financial Services,High Net Worth,Yes,5,5-10,6,6-9,58.09
Caitrin,Critten,Female,45,1973-01-29,51.0,50-60,QLD,Director of Sales,Manufacturing,Mass Customer,Yes,10,10-15,7,6-9,58.09
Boothe,Hayselden,Male,42,1940-05-18,84.0,>70,NSW,Computer Systems Analyst III,Health,Mass Customer,Yes,17,>15,10,>9,58.02
Markus,Pendrey,Male,88,1959-08-01,64.0,60-70,NSW,Clinical Specialist,Health,Affluent Customer,Yes,12,10-15,10,>9,57.96
Lavena,Seekings,Female,87,1995-03-25,29.0,20-30,VIC,Payment Adjustment Coordinator,Retail,Mass Customer,No,16,>15,10,>9,57.85
Dorian,Stollen,Male,78,1980-02-16,44.0,40-50,NSW,Statistician I,Financial Services,Mass Customer,Yes,18,>15,11,>9,57.82
Taber,Szymon,Male,70,1947-04-22,77.0,>70,QLD,Senior Sales Associate,Argiculture,Affluent Customer,No,13,10-15,8,6-9,57.79
Justinn,Haruard,Female,48,1958-08-28,65.0,60-70,NSW,Health Coach IV,Health,High Net Worth,No,11,10-15,12,>9,57.72
Terrel,Keynd,Male,30,1961-04-20,63.0,60-70,QLD,Junior Executive,Manufacturing,Mass Customer,No,9,5-10,7,6-9,57.67
Roldan,Raybould,Male,27,1975-11-18,48.0,40-50,VIC,Actuary,Financial Services,Mass Customer,No,11,10-15,8,6-9,57.66
Farlie,Brookz,Male,62,1963-07-31,60.0,60-70,NSW,Administrative Assistant I,Health,Mass Customer,Yes,6,5-10,12,>9,57.64
Marie-jeanne,Breawood,Female,37,1953-10-12,70.0,>70,NSW,Clinical Specialist,Health,High Net Worth,No,8,5-10,6,6-9,57.61
Debby,Balmadier,Female,53,1992-06-24,31.0,30-40,VIC,Administrative Assistant II,Financial Services,Affluent Customer,Yes,5,5-10,8,6-9,57.59
Marc,Keunemann,Male,57,1972-09-04,51.0,50-60,NSW,Dental Hygienist,Health,Affluent Customer,Yes,14,10-15,8,6-9,57.54
Jedediah,Kedie,Male,31,1971-12-29,52.0,50-60,NSW,Developer I,Argiculture,Mass Customer,Yes,9,5-10,9,>9,57.54
Jacqui,Devey,Female,79,1995-10-01,28.0,20-30,NSW,Analyst Programmer,Financial Services,High Net Worth,Yes,13,10-15,8,6-9,57.53
Reinhard,Oscroft,Male,23,1950-03-18,74.0,>70,VIC,Pharmacist,Health,High Net Worth,No,18,>15,1,<3,57.52
Davidde,Cockroft,Male,70,1947-04-21,77.0,>70,NSW,Geological Engineer,Manufacturing,High Net Worth,No,8,5-10,12,>9,57.51
Roddy,Rubinshtein,Male,37,1987-10-08,36.0,30-40,QLD,Nurse Practicioner,Retail,Mass Customer,Yes,4,<5,7,6-9,57.5
Cissiee,Pollington,Female,43,1941-07-21,82.0,>70,NSW,Associate Professor,Property,Mass Customer,Yes,7,5-10,9,>9,57.42
Zachariah,Meininking,Male,40,1938-06-09,85.0,>70,NSW,Cost Accountant,Financial Services,Affluent Customer,Yes,20,>15,7,6-9,57.29
Chaim,Kingdon,Male,63,1996-01-21,28.0,20-30,NSW,Compensation Analyst,Financial Services,Affluent Customer,Yes,15,>15,9,>9,57.27
Ansell,Tolhurst,Male,77,1949-08-11,74.0,>70,NSW,Chemical Engineer,Manufacturing,Affluent Customer,No,22,>15,10,>9,57.25
Meade,Bampton,Male,69,1982-04-25,42.0,40-50,NSW,Health Coach III,Health,High Net Worth,No,17,>15,7,6-9,57.19
Kippy,Barabisch,Male,11,2000-04-07,24.0,20-30,NSW,Legal Assistant,Manufacturing,Mass Customer,No,4,<5,11,>9,57.19
Sawyer,Sponton,Male,36,1956-02-22,68.0,60-70,NSW,Help Desk Technician,Property,Mass Customer,Yes,10,10-15,11,>9,57.12
Toma,Woolforde,Female,67,1992-03-09,32.0,30-40,NSW,Cost Accountant,Financial Services,Mass Customer,Yes,5,5-10,12,>9,57.11
Kiley,Grunder,Male,95,1994-04-17,30.0,30-40,QLD,Cost Accountant,Financial Services,Affluent Customer,Yes,1,<5,8,6-9,57.07
Demott,Mullaly,Male,42,1982-12-15,41.0,40-50,NSW,Help Desk Operator,Property,Mass Customer,No,13,10-15,8,6-9,57.07
Jerrine,Cosbey,Female,21,1978-01-11,46.0,40-50,VIC,Junior Executive,Financial Services,High Net Worth,Yes,6,5-10,9,>9,56.99
Wolf,Craft,Male,93,1995-07-19,28.0,20-30,NSW,Database Administrator III,Retail,Affluent Customer,Yes,5,5-10,9,>9,56.77
Rickert,Brasted,Male,47,1959-09-18,64.0,60-70,NSW,Staff Scientist,Health,Mass Customer,No,10,10-15,9,>9,56.72
Bengt,Bilson,Male,26,1972-11-02,51.0,50-60,NSW,Structural Engineer,Manufacturing,High Net Worth,No,11,10-15,10,>9,56.7
Ellie,Toope,Female,29,1973-08-11,50.0,50-60,NSW,Staff Accountant III,Property,High Net Worth,Yes,4,<5,11,>9,56.65
Dwain,Hatch,Male,62,1994-11-16,29.0,20-30,VIC,Marketing Assistant,Health,Affluent Customer,No,15,>15,8,6-9,56.5
Stephen,Tittershill,Male,73,1991-12-21,32.0,30-40,VIC,Nurse Practicioner,Financial Services,High Net Worth,No,6,5-10,11,>9,56.5
Jared,Fendlow,Male,79,1963-08-25,60.0,60-70,QLD,Media Manager II,Financial Services,Mass Customer,No,15,>15,7,6-9,56.49
Wylie,Huntingdon,Male,99,1966-08-11,57.0,50-60,NSW,VP Quality Control,Financial Services,Mass Customer,No,15,>15,8,6-9,56.42
Roch,Symson,Female,96,1978-05-13,46.0,40-50,VIC,Office Assistant I,Manufacturing,High Net Worth,No,18,>15,9,>9,56.37
Juliana,Mitchenson,Female,55,1989-01-05,35.0,30-40,QLD,Environmental Tech,Manufacturing,Mass Customer,Yes,8,5-10,4,3-6,56.3
Meade,McReedy,Female,94,1968-11-23,55.0,50-60,NSW,Safety Technician IV,Financial Services,Affluent Customer,Yes,9,5-10,10,>9,56.29
Eleonora,Wiszniewski,Female,49,1980-04-23,44.0,40-50,QLD,Financial Advisor,Financial Services,Affluent Customer,No,9,5-10,2,<3,56.27
Shepperd,Ricards,Male,28,1967-09-27,56.0,50-60,NSW,Social Worker,Health,Mass Customer,Yes,16,>15,4,3-6,56.18
Kelcie,Kingaby,Female,54,2000-03-24,24.0,20-30,QLD,Systems Administrator II,IT,Mass Customer,Yes,6,5-10,4,3-6,56.12
Sherilyn,Canero,Female,11,1996-08-03,27.0,20-30,NSW,Dental Hygienist,Health,High Net Worth,Yes,13,10-15,7,6-9,56.11
Anthony,Lindstrom,Male,86,1997-11-01,26.0,20-30,NSW,Geologist IV,Financial Services,Affluent Customer,Yes,10,10-15,10,>9,56.09
Peria,Rantoull,Female,3,1975-03-13,49.0,40-50,QLD,Financial Analyst,Financial Services,Mass Customer,No,4,<5,4,3-6,56.06
Morganica,Ainsbury,Female,37,1973-01-06,51.0,50-60,NSW,Senior Editor,Entertainment,High Net Worth,Yes,9,5-10,10,>9,56.01
Philbert,Raraty,Male,48,1956-06-28,67.0,60-70,NSW,Executive Secretary,Manufacturing,Mass Customer,No,6,5-10,9,>9,55.93
Wilbert,O'Loughnan,Male,14,1983-05-18,41.0,40-50,QLD,Paralegal,Financial Services,Mass Customer,Yes,6,5-10,9,>9,55.91
Raff,Waycott,Male,70,1951-12-16,72.0,>70,VIC,Engineer IV,Manufacturing,Affluent Customer,Yes,14,10-15,7,6-9,55.86
Orly,Nesbitt,Female,6,1985-03-25,39.0,30-40,VIC,Analyst Programmer,Manufacturing,High Net Worth,Yes,14,10-15,6,6-9,55.81
Bobby,Summersby,Male,90,1943-10-27,80.0,>70,VIC,Sales Associate,Financial Services,Affluent Customer,No,7,5-10,2,<3,55.75
Bink,Bentje,Male,3,1957-03-23,67.0,60-70,NSW,Payment Adjustment Coordinator,Financial Services,High Net Worth,Yes,19,>15,3,3-6,55.74
Griffith,Escot,Male,50,1946-10-23,77.0,>70,QLD,Accountant III,IT,Mass Customer,Yes,16,>15,3,3-6,55.64
Cissiee,Baylis,Female,99,1951-07-22,72.0,>70,NSW,Cost Accountant,Financial Services,High Net Worth,No,16,>15,11,>9,55.6
Oswald,MacCarlich,Male,81,1991-11-24,32.0,30-40,QLD,Assistant Media Planner,Entertainment,Mass Customer,No,14,10-15,1,<3,55.52
Ellsworth,Andrieux,Male,49,1971-04-26,53.0,50-60,QLD,Senior Cost Accountant,Financial Services,Affluent Customer,Yes,10,10-15,7,6-9,55.49
Katharine,Redbourn,Female,8,1967-09-11,56.0,50-60,VIC,Recruiter,Manufacturing,Affluent Customer,Yes,4,<5,10,>9,55.49
Matias,Melloi,Male,61,1977-02-03,47.0,40-50,NSW,Legal Assistant,Retail,Affluent Customer,No,11,10-15,10,>9,55.41
Gilli,Christophers,Female,70,1948-03-02,76.0,>70,QLD,Database Administrator IV,Property,Affluent Customer,Yes,17,>15,9,>9,55.38
Sonni,Milligan,Female,73,1988-03-05,36.0,30-40,VIC,Budget/Accounting Analyst III,Retail,Mass Customer,Yes,14,10-15,9,>9,55.25
Estevan,Eastment,Male,54,1942-08-09,81.0,>70,NSW,Environmental Specialist,Health,Mass Customer,Yes,21,>15,8,6-9,55.24
Claudine,Barstowk,Female,71,1966-07-20,57.0,50-60,QLD,Nurse,Property,High Net Worth,Yes,5,5-10,11,>9,55.13
Martelle,Tuppeny,Female,52,1981-02-03,43.0,40-50,NSW,Marketing Assistant,Manufacturing,Mass Customer,No,9,5-10,10,>9,55.09
Bartram,Caltun,Male,28,1956-09-15,67.0,60-70,NSW,Internal Auditor,Health,Affluent Customer,Yes,12,10-15,11,>9,55.04
Barth,Weare,Male,18,1946-08-22,77.0,>70,NSW,Clinical Specialist,Health,Mass Customer,Yes,8,5-10,5,3-6,55.03
Claudette,Renackowna,Female,55,1996-02-11,28.0,20-30,NSW,Administrative Officer,Manufacturing,Mass Customer,No,2,<5,8,6-9,55.0
Renate,Whyte,Female,60,1963-12-08,60.0,60-70,NSW,Registered Nurse,Health,High Net Worth,Yes,15,>15,7,6-9,54.93
Carl,Troyes,Male,4,1973-03-12,51.0,50-60,VIC,Associate Professor,Property,Mass Customer,No,7,5-10,10,>9,54.9
Packston,Wackett,Male,10,1950-04-26,74.0,>70,VIC,Quality Engineer,Financial Services,Mass Customer,No,19,>15,9,>9,54.9
Audry,Fann,Female,3,1957-10-17,66.0,60-70,VIC,Pharmacist,Health,Mass Customer,Yes,15,>15,6,6-9,54.87
Kevina,Ferandez,Female,73,1999-09-21,24.0,20-30,QLD,Assistant Professor,Financial Services,High Net Worth,No,15,>15,9,>9,54.85
Paulina,Iannuzzelli,Female,57,1956-03-08,68.0,60-70,NSW,Automation Specialist I,Manufacturing,Mass Customer,No,19,>15,11,>9,54.85
Brendis,Pineaux,Male,12,1978-01-15,46.0,40-50,NSW,Mechanical Systems Engineer,Manufacturing,Mass Customer,No,5,5-10,4,3-6,54.84
Lark,Gonet,Female,89,1972-01-17,52.0,50-60,NSW,Database Administrator II,Health,High Net Worth,No,8,5-10,8,6-9,54.78
Alanna,Lerway,Female,26,1944-01-05,80.0,>70,VIC,Dental Hygienist,Health,Mass Customer,Yes,11,10-15,12,>9,54.69
Yorgos,Dewhurst,Male,6,1950-09-09,73.0,>70,QLD,Software Consultant,Argiculture,Affluent Customer,No,16,>15,1,<3,54.68
Erasmus,Olenchenko,Male,56,1965-02-03,59.0,50-60,NSW,Software Test Engineer IV,Property,Mass Customer,Yes,5,5-10,7,6-9,54.64
Ermentrude,Heindle,Female,47,1969-08-02,54.0,50-60,NSW,GIS Technical Architect,Argiculture,Mass Customer,No,7,5-10,10,>9,54.59
Arleen,Casbolt,Female,48,1975-05-10,49.0,40-50,QLD,Senior Quality Engineer,Financial Services,Affluent Customer,Yes,13,10-15,1,<3,54.36
Rowan,Summerly,Male,4,1974-07-05,49.0,40-50,NSW,Librarian,Entertainment,Mass Customer,No,9,5-10,10,>9,54.32
Poul,Gaskin,Male,78,1950-06-15,73.0,>70,NSW,Help Desk Operator,Telecommunications,High Net Worth,No,17,>15,2,<3,54.28
Cletis,Longley,Male,84,1996-07-01,27.0,20-30,VIC,Chemical Engineer,Manufacturing,High Net Worth,Yes,1,<5,7,6-9,54.25
Lisette,Davers,Female,59,1940-10-26,83.0,>70,NSW,Developer III,Health,High Net Worth,No,17,>15,11,>9,54.19
Callean,Wass,Male,65,1988-12-15,35.0,30-40,VIC,GIS Technical Architect,Financial Services,Affluent Customer,No,14,10-15,8,6-9,54.08
Cecily,Faircley,Female,42,1947-06-12,76.0,>70,QLD,Accountant IV,IT,Affluent Customer,Yes,19,>15,1,<3,54.06
Nicole,Ruckhard,Female,93,1969-10-09,54.0,50-60,QLD,Human Resources Manager,Health,Affluent Customer,Yes,17,>15,3,3-6,54.02
Gilbert,O'Fallone,Male,29,1994-11-07,29.0,20-30,NSW,Assistant Media Planner,Entertainment,High Net Worth,No,1,<5,11,>9,54.0
Celia,Bryden,Female,12,1943-04-06,81.0,>70,NSW,Chemical Engineer,Manufacturing,High Net Worth,No,21,>15,9,>9,54.0
Chico,Dye,Male,46,1994-02-04,30.0,30-40,NSW,Speech Pathologist,Manufacturing,High Net Worth,No,13,10-15,9,>9,54.0
Sofie,Worsfold,Female,87,1954-10-06,69.0,60-70,QLD,Environmental Tech,Retail,Mass Customer,Yes,9,5-10,6,6-9,53.91
Mavra,Finan,Female,30,1967-08-23,56.0,50-60,NSW,Nurse,Property,Affluent Customer,Yes,4,<5,9,>9,53.9
Tomaso,Horsley,Male,97,2001-04-16,23.0,20-30,VIC,Junior Executive,Financial Services,Mass Customer,Yes,10,10-15,6,6-9,53.88
Gothart,Artus,Male,52,1978-05-31,45.0,40-50,NSW,Health Coach IV,Health,Mass Customer,Yes,14,10-15,10,>9,53.83
Otes,Elegood,Male,67,1940-11-25,83.0,>70,NSW,Programmer III,Financial Services,High Net Worth,No,21,>15,11,>9,53.81
Clotilda,Southers,Female,62,1999-11-08,24.0,20-30,NSW,Computer Systems Analyst II,Financial Services,Mass Customer,Yes,15,>15,4,3-6,53.78
Omero,McDonand,Male,51,1952-04-01,72.0,>70,NSW,Software Consultant,Manufacturing,Mass Customer,No,16,>15,9,>9,53.75
Tyne,Coate,Female,82,1965-07-15,58.0,50-60,NSW,Developer II,Manufacturing,Mass Customer,No,17,>15,8,6-9,53.75
Shanon,Rolfe,Female,63,1941-08-19,82.0,>70,NSW,Sales Representative,Retail,High Net Worth,No,8,5-10,7,6-9,53.74
Lacy,Drance,Female,27,1978-02-05,46.0,40-50,NSW,Graphic Designer,Manufacturing,Affluent Customer,Yes,14,10-15,8,6-9,53.69
Darlleen,Shalcras,Female,77,1980-09-14,43.0,40-50,NSW,Health Coach I,Health,Mass Customer,No,11,10-15,10,>9,53.68
Katleen,Arnoult,Female,6,1976-11-24,47.0,40-50,NSW,VP Product Management,Manufacturing,Mass Customer,Yes,13,10-15,9,>9,53.67
Manya,Abramovici,Female,42,1955-07-17,68.0,60-70,QLD,Quality Engineer,Financial Services,High Net Worth,Yes,13,10-15,8,6-9,53.59
Aldin,Newsome,Male,24,1981-07-06,42.0,40-50,NSW,Financial Analyst,Financial Services,Mass Customer,No,17,>15,9,>9,53.59
Cheston,Hritzko,Male,70,1945-11-08,78.0,>70,NSW,Software Engineer III,Manufacturing,Mass Customer,Yes,19,>15,9,>9,53.53
Ewell,Paulusch,Male,31,1998-01-15,26.0,20-30,QLD,Engineer I,Manufacturing,Mass Customer,Yes,8,5-10,7,6-9,53.43
Worthington,Cohane,Male,60,1991-01-23,33.0,30-40,NSW,Chief Design Engineer,Entertainment,High Net Worth,No,2,<5,12,>9,53.43
Melloney,Temby,Female,17,1954-10-05,69.0,60-70,QLD,Budget/Accounting Analyst IV,Financial Services,Affluent Customer,Yes,15,>15,2,<3,53.39
Lyon,Brittan,Male,14,1972-04-23,52.0,50-60,VIC,Sales Representative,Retail,High Net Worth,No,19,>15,8,6-9,53.38
Konstanze,Hovie,Female,88,1967-01-09,57.0,50-60,QLD,Pharmacist,Health,Mass Customer,No,11,10-15,7,6-9,53.38
Nils,Champion,Male,69,1984-07-06,39.0,30-40,NSW,Programmer III,Retail,Affluent Customer,No,13,10-15,9,>9,53.34
Tannie,Petrakov,Male,84,1951-11-27,72.0,>70,QLD,Data Coordiator,IT,Affluent Customer,No,10,10-15,6,6-9,53.28
Lauralee,Fudge,Female,83,1987-09-21,36.0,30-40,VIC,Research Nurse,Health,Mass Customer,No,15,>15,4,3-6,53.27
Bailey,Bereford,Male,44,1950-09-30,73.0,>70,NSW,Senior Sales Associate,Argiculture,Affluent Customer,Yes,11,10-15,6,6-9,53.26
Dolley,Starmont,Female,53,1977-11-08,46.0,40-50,QLD,Geologist IV,Manufacturing,Affluent Customer,No,18,>15,6,6-9,53.22
Ossie,Midden,Male,49,1950-02-10,74.0,>70,NSW,Physical Therapy Assistant,Manufacturing,Mass Customer,Yes,14,10-15,9,>9,53.2
Glendon,Malham,Male,36,1965-08-21,58.0,50-60,VIC,Web Designer I,Manufacturing,Mass Customer,No,17,>15,6,6-9,53.12
Maximilian,Geffen,Male,96,1955-07-13,68.0,60-70,NSW,Automation Specialist III,Manufacturing,Mass Customer,Yes,20,>15,8,6-9,53.12
Bunny,Leebetter,Female,83,1966-04-30,58.0,50-60,QLD,Quality Engineer,Manufacturing,High Net Worth,Yes,8,5-10,4,3-6,53.11
Skippie,Yearsley,Male,6,1956-09-04,67.0,60-70,QLD,Compensation Analyst,Financial Services,Mass Customer,No,9,5-10,5,3-6,53.09
Lynnell,Shoesmith,Female,44,1981-01-29,43.0,40-50,NSW,Occupational Therapist,Health,High Net Worth,Yes,7,5-10,8,6-9,53.08
Nev,Prosh,Male,29,1950-05-08,74.0,>70,NSW,Environmental Tech,Health,Affluent Customer,Yes,17,>15,8,6-9,53.08
Rodolphe,Glenton,Male,88,1974-09-28,49.0,40-50,VIC,Programmer Analyst II,Financial Services,Affluent Customer,No,11,10-15,7,6-9,52.96
Maximilien,Bourget,Male,12,1969-04-29,55.0,50-60,VIC,Geologist I,Financial Services,Mass Customer,Yes,6,5-10,7,6-9,52.95
Dennis,Varnham,Male,57,1953-05-17,71.0,>70,VIC,Assistant Media Planner,Entertainment,Affluent Customer,No,17,>15,3,3-6,52.91
Ilise,Clissold,Female,58,1987-11-16,36.0,30-40,NSW,Developer IV,Entertainment,High Net Worth,No,9,5-10,10,>9,52.88
Liane,Poizer,Female,59,1952-05-05,72.0,>70,NSW,Analyst Programmer,Property,High Net Worth,No,13,10-15,11,>9,52.86
Roseanne,Caruth,Female,16,1957-05-25,66.0,60-70,NSW,Programmer Analyst III,Health,Mass Customer,No,7,5-10,9,>9,52.84
Glenn,Casbourne,Female,4,1981-08-08,42.0,40-50,QLD,Senior Editor,Manufacturing,Mass Customer,No,6,5-10,1,<3,52.8
Tabbie,Curner,Male,12,1997-03-13,27.0,20-30,VIC,Chief Design Engineer,Retail,Mass Customer,No,6,5-10,6,6-9,52.78
Sloan,Pudney,Male,83,1964-11-10,59.0,50-60,QLD,Junior Executive,Financial Services,Affluent Customer,No,16,>15,9,>9,52.76
Harlin,Mazin,Male,34,1974-03-25,50.0,50-60,NSW,Computer Systems Analyst I,Manufacturing,Mass Customer,Yes,13,10-15,7,6-9,52.76
Dorotea,Fenwick,Female,74,1950-10-12,73.0,>70,NSW,Nurse,Financial Services,High Net Worth,No,12,10-15,11,>9,52.6
Evered,Gludor,Male,3,1951-04-30,73.0,>70,NSW,Electrical Engineer,Manufacturing,High Net Worth,Yes,15,>15,8,6-9,52.54
Karoly,Burgoine,Male,57,1947-04-06,77.0,>70,VIC,Account Representative IV,Health,High Net Worth,Yes,21,>15,2,<3,52.5
Gipsy,Ewestace,Female,29,1956-08-30,67.0,60-70,NSW,Business Systems Development Analyst,Retail,High Net Worth,Yes,5,5-10,12,>9,52.44
Daryle,Marginson,Male,93,1986-06-27,37.0,30-40,NSW,Environmental Tech,Argiculture,Mass Customer,Yes,9,5-10,12,>9,52.44
Muffin,Grigolon,Male,7,1979-10-31,44.0,40-50,NSW,Senior Editor,Telecommunications,Mass Customer,No,12,10-15,10,>9,52.42
Honey,Gosdin,Female,0,1981-11-29,42.0,40-50,NSW,Software Engineer I,Property,Mass Customer,No,17,>15,9,>9,52.41
Jeno,Strafford,Male,67,1941-07-21,82.0,>70,QLD,Tax Accountant,Financial Services,High Net Worth,No,7,5-10,9,>9,52.41
Afton,Andrassy,Female,78,1998-10-14,25.0,20-30,VIC,Web Designer II,Retail,Mass Customer,No,7,5-10,8,6-9,52.41
Verne,Loalday,Male,1,1982-03-20,42.0,40-50,NSW,Marketing Assistant,IT,High Net Worth,No,7,5-10,10,>9,52.39
Kippar,Brimilcome,Male,21,1938-11-29,85.0,>70,NSW,Graphic Designer,Health,Mass Customer,No,19,>15,11,>9,52.29
Giorgi,O'Shirine,Male,68,1981-06-20,42.0,40-50,VIC,Payment Adjustment Coordinator,Retail,Mass Customer,Yes,15,>15,8,6-9,52.26
Virginia,De Antoni,Female,17,1964-03-14,60.0,60-70,NSW,Executive Secretary,Telecommunications,High Net Worth,Yes,12,10-15,10,>9,52.26
Giana,Staresmeare,Female,96,1976-04-20,48.0,40-50,NSW,Account Representative IV,Retail,Affluent Customer,Yes,9,5-10,7,6-9,52.23
Ardis,Taree,Female,97,1960-04-12,64.0,60-70,QLD,Chemical Engineer,Manufacturing,Affluent Customer,Yes,5,5-10,9,>9,52.23
Feodor,Englishby,Male,54,1961-08-14,62.0,60-70,VIC,Account Coordinator,Health,Mass Customer,No,11,10-15,5,3-6,52.21
Allyson,Petchell,Female,16,1970-03-19,54.0,50-60,NSW,Human Resources Manager,Telecommunications,High Net Worth,No,10,10-15,8,6-9,52.17
Dawn,Pyffe,Female,56,1965-05-28,58.0,50-60,VIC,Media Manager III,Retail,Mass Customer,No,11,10-15,8,6-9,52.12
Dorian,Rustman,Male,78,1974-12-09,49.0,40-50,QLD,Junior Executive,Manufacturing,Mass Customer,No,18,>15,7,6-9,52.11
Renie,Fiveash,Female,92,1992-10-10,31.0,30-40,QLD,Occupational Therapist,Health,High Net Worth,No,16,>15,4,3-6,52.05
Mel,Rochford,Female,11,1989-07-23,34.0,30-40,VIC,Assistant Professor,Retail,Mass Customer,Yes,4,<5,9,>9,52.04
Carita,Sand,Female,25,1977-03-20,47.0,40-50,NSW,Quality Engineer,Retail,Mass Customer,No,16,>15,11,>9,51.97
Arty,Fontelles,Male,50,1994-10-21,29.0,20-30,VIC,Help Desk Technician,IT,High Net Worth,No,4,<5,4,3-6,51.83
Lorrie,Antonelli,Male,47,1983-02-11,41.0,40-50,NSW,Cost Accountant,Financial Services,High Net Worth,Yes,17,>15,7,6-9,51.79
Clarine,Piecha,Female,99,1964-12-07,59.0,50-60,QLD,Dental Hygienist,Health,High Net Worth,No,14,10-15,10,>9,51.77
Jammie,Seldner,Female,42,1975-02-25,49.0,40-50,NSW,Human Resources Manager,Health,Mass Customer,Yes,15,>15,10,>9,51.77
Barnebas,Apfel,Male,57,1996-02-19,28.0,20-30,QLD,Account Executive,Manufacturing,Affluent Customer,Yes,2,<5,6,6-9,51.73
Irvine,Headon,Male,99,1956-04-21,68.0,60-70,NSW,Geologist III,IT,Affluent Customer,Yes,20,>15,5,3-6,51.68
Shellysheldon,Bichard,Male,96,1954-01-06,70.0,>70,QLD,Desktop Support Technician,Financial Services,Mass Customer,Yes,16,>15,5,3-6,51.67
Fabio,Commuzzo,Male,5,1961-10-02,62.0,60-70,VIC,Software Test Engineer II,Manufacturing,Mass Customer,No,18,>15,8,6-9,51.62
Keriann,Newham,Female,71,1975-03-26,49.0,40-50,QLD,Assistant Manager,Financial Services,Mass Customer,No,5,5-10,9,>9,51.58
Ian,Rabat,Male,54,1975-08-04,48.0,40-50,VIC,Web Designer I,Financial Services,Affluent Customer,No,11,10-15,11,>9,51.56
Raye,Roo,Female,64,1976-03-07,48.0,40-50,VIC,Database Administrator I,Financial Services,Mass Customer,Yes,16,>15,9,>9,51.54
Sada,Branton,Female,34,1974-06-24,49.0,40-50,VIC,Nuclear Power Engineer,Manufacturing,Affluent Customer,No,14,10-15,6,6-9,51.5
Burt,Vasechkin,Male,33,1950-04-15,74.0,>70,VIC,Senior Sales Associate,Retail,Mass Customer,Yes,20,>15,2,<3,51.48
Philbert,Bangs,Male,67,1966-03-03,58.0,50-60,QLD,Environmental Specialist,IT,Mass Customer,Yes,6,5-10,7,6-9,51.47
Leisha,McConway,Female,3,1975-10-31,48.0,40-50,VIC,Payment Adjustment Coordinator,Financial Services,Mass Customer,Yes,13,10-15,8,6-9,51.46
Rockwell,Matson,Male,94,1995-01-01,29.0,20-30,QLD,Programmer Analyst I,Retail,High Net Worth,No,3,<5,6,6-9,51.45
Adria,Van den Velde,Female,39,1978-07-10,45.0,40-50,NSW,Nuclear Power Engineer,Manufacturing,Affluent Customer,Yes,9,5-10,7,6-9,51.43
Egor,Mariette,Male,42,1980-11-26,43.0,40-50,VIC,Financial Advisor,Financial Services,Affluent Customer,No,3,<5,7,6-9,51.35
Kit,Easdon,Male,61,1978-10-26,45.0,40-50,VIC,Director of Sales,Property,Affluent Customer,No,12,10-15,8,6-9,51.32
Abner,Fraschetti,Male,33,1986-01-23,38.0,30-40,VIC,Staff Scientist,Argiculture,Affluent Customer,No,13,10-15,7,6-9,51.3
Sid,Carlone,Male,24,1971-08-18,52.0,50-60,QLD,Structural Engineer,Health,Affluent Customer,No,16,>15,2,<3,51.28
Rutledge,Hallt,Male,23,1976-10-06,47.0,40-50,NSW,Compensation Analyst,Financial Services,Mass Customer,No,8,5-10,7,6-9,51.26
Loria,Tappington,Female,72,1955-09-06,68.0,60-70,VIC,Research Assistant IV,Property,Mass Customer,No,5,5-10,8,6-9,51.25
Vitia,Axtens,Female,62,1945-08-08,78.0,>70,NSW,Financial Advisor,Financial Services,Mass Customer,Yes,15,>15,10,>9,51.24
Briant,Ladley,Male,75,1979-12-17,44.0,40-50,NSW,Recruiter,Argiculture,Mass Customer,No,12,10-15,8,6-9,51.17
Lucretia,D'Agostini,Female,41,1978-12-14,45.0,40-50,VIC,Database Administrator III,Manufacturing,High Net Worth,No,15,>15,7,6-9,51.15
Sherrie,Godleman,Female,37,1978-04-02,46.0,40-50,VIC,Associate Professor,Manufacturing,Mass Customer,No,19,>15,2,<3,51.12
Isak,Bergstram,Male,14,2001-03-08,23.0,20-30,NSW,Pharmacist,Health,Affluent Customer,Yes,15,>15,9,>9,51.06
Hussein,Tapenden,Male,19,1953-10-19,70.0,>70,NSW,Pharmacist,Health,Affluent Customer,Yes,12,10-15,8,6-9,51.05
Rosene,Beckey,Female,25,1974-05-21,49.0,40-50,NSW,Account Executive,Health,Mass Customer,Yes,14,10-15,11,>9,51.05
Byrom,Ramas,Male,23,1993-11-02,30.0,30-40,NSW,Help Desk Technician,Manufacturing,High Net Worth,No,12,10-15,7,6-9,50.99
Dena,Pabst,Female,39,1987-04-20,37.0,30-40,VIC,Account Executive,Manufacturing,High Net Worth,Yes,17,>15,7,6-9,50.98
Darwin,Bumpas,Male,24,1978-12-27,45.0,40-50,VIC,Junior Executive,Health,Affluent Customer,Yes,18,>15,7,6-9,50.97
Haskell,Moxted,Male,81,1943-08-27,80.0,>70,NSW,Civil Engineer,Manufacturing,Mass Customer,No,7,5-10,9,>9,50.92
Tamar,Windmill,Female,92,1939-08-28,84.0,>70,NSW,Senior Editor,Manufacturing,Affluent Customer,No,10,10-15,10,>9,50.92
Giselbert,Pickring,Male,94,1959-07-28,64.0,60-70,NSW,Tax Accountant,Manufacturing,Affluent Customer,Yes,20,>15,8,6-9,50.89
Beverly,Domnick,Female,56,1938-12-10,85.0,>70,NSW,Structural Analysis Engineer,IT,Mass Customer,No,9,5-10,10,>9,50.83
Arel,Abramovitz,Male,72,1957-11-12,66.0,60-70,QLD,Nurse Practicioner,Health,Mass Customer,No,16,>15,4,3-6,50.78
Loleta,Aberdalgy,Female,45,1981-02-15,43.0,40-50,NSW,Occupational Therapist,Health,Mass Customer,No,11,10-15,6,6-9,50.73
Elvira,Darthe,Female,10,1975-04-08,49.0,40-50,NSW,Accounting Assistant I,Financial Services,Affluent Customer,No,16,>15,9,>9,50.71
Geoff,Sitford,Male,97,1965-02-27,59.0,50-60,NSW,Account Executive,Financial Services,Mass Customer,Yes,4,<5,8,6-9,50.67
George,Jose,Male,68,1960-12-19,63.0,60-70,QLD,Payment Adjustment Coordinator,Retail,High Net Worth,Yes,20,>15,4,3-6,50.66
Killie,Densie,Male,87,1997-03-28,27.0,20-30,NSW,Environmental Tech,IT,Mass Customer,Yes,11,10-15,10,>9,50.63
Wyndham,Woolford,Male,1,1979-10-22,44.0,40-50,VIC,Engineer IV,Manufacturing,Mass Customer,No,10,10-15,6,6-9,50.6
Consalve,Ballay,Male,41,1959-09-18,64.0,60-70,NSW,Web Developer I,IT,Mass Customer,Yes,7,5-10,8,6-9,50.59
Gerri,Schimann,Female,81,1969-11-17,54.0,50-60,NSW,Desktop Support Technician,Property,Mass Customer,Yes,18,>15,8,6-9,50.59
Wendye,Kleinplatz,Female,48,1996-05-28,27.0,20-30,QLD,Executive Secretary,Manufacturing,Affluent Customer,No,14,10-15,3,3-6,50.57
Olive,Mozzi,Female,87,1955-07-06,68.0,60-70,NSW,Account Representative IV,Retail,Affluent Customer,Yes,20,>15,9,>9,50.54
Catha,Davitt,Female,79,1958-04-16,66.0,60-70,NSW,Environmental Specialist,Property,High Net Worth,Yes,6,5-10,7,6-9,50.53
Leticia,Danovich,Female,84,1941-10-02,82.0,>70,QLD,Design Engineer,Entertainment,Mass Customer,Yes,15,>15,1,<3,50.51
Nolly,Ivanchikov,Male,13,1994-02-10,30.0,30-40,NSW,Help Desk Operator,Manufacturing,High Net Worth,Yes,11,10-15,11,>9,50.49
Dickie,Cubbini,Male,30,1952-12-17,71.0,>70,QLD,Financial Advisor,Financial Services,Mass Customer,Yes,19,>15,2,<3,50.46
Brook,Eade,Female,65,1957-11-17,66.0,60-70,NSW,Sales Representative,Retail,Mass Customer,Yes,8,5-10,5,3-6,50.44
Jamison,Cashin,Male,70,1970-05-19,54.0,50-60,NSW,VP Product Management,Health,Mass Customer,Yes,5,5-10,8,6-9,50.44
Sharai,Priddie,Female,13,1961-01-16,63.0,60-70,NSW,Sales Representative,Retail,Mass Customer,No,9,5-10,9,>9,50.43
Rosmunda,Duxbarry,Female,69,1996-07-20,27.0,20-30,QLD,Executive Secretary,Property,Affluent Customer,Yes,5,5-10,11,>9,50.42
Gretel,Paschke,Female,10,1956-05-29,67.0,60-70,QLD,Editor,Financial Services,Mass Customer,Yes,17,>15,7,6-9,50.4
Karlik,Penchen,Male,60,1994-10-31,29.0,20-30,QLD,Nurse Practicioner,Retail,Mass Customer,No,11,10-15,6,6-9,50.39
Danny,Bodle,Male,50,1943-09-24,80.0,>70,NSW,Statistician I,Manufacturing,Mass Customer,Yes,18,>15,9,>9,50.38
Garwin,Nurden,Male,54,1958-04-19,66.0,60-70,VIC,Programmer I,Property,High Net Worth,Yes,5,5-10,11,>9,50.38
Mikol,Eck,Male,99,1975-07-25,48.0,40-50,QLD,VP Marketing,Financial Services,Mass Customer,Yes,21,>15,9,>9,50.37
Grannie,Cracker,Male,28,1949-03-06,75.0,>70,QLD,VP Marketing,Retail,Mass Customer,Yes,20,>15,8,6-9,50.36
Tessa,Friese,Female,89,1976-10-24,47.0,40-50,QLD,Health Coach II,Financial Services,Mass Customer,No,21,>15,9,>9,50.32
Tina,Dunstan,Female,13,1939-03-06,85.0,>70,NSW,Account Representative IV,Retail,Affluent Customer,No,13,10-15,7,6-9,50.31
Lucine,Stutt,Female,64,1979-01-28,45.0,40-50,QLD,Account Representative III,Manufacturing,Affluent Customer,Yes,5,5-10,1,<3,50.3
Nilson,Wiggam,Male,48,1996-02-15,28.0,20-30,VIC,Paralegal,Financial Services,Mass Customer,No,9,5-10,6,6-9,50.29
Demetria,Bausor,Female,73,1961-12-22,62.0,60-70,NSW,Assistant Media Planner,Entertainment,Mass Customer,Yes,9,5-10,12,>9,50.26
Cami,Eitter,Female,34,1979-01-03,45.0,40-50,VIC,Professor,Manufacturing,High Net Worth,Yes,11,10-15,9,>9,50.26
Gerik,Woodroof,Male,18,1959-06-13,64.0,60-70,VIC,Paralegal,Financial Services,High Net Worth,Yes,9,5-10,7,6-9,50.14
Benedikta,Naptin,Female,59,1995-08-13,28.0,20-30,NSW,Operator,Retail,Mass Customer,Yes,15,>15,11,>9,50.12
Mick,Macewan,Male,32,1967-12-12,56.0,50-60,NSW,Senior Cost Accountant,Financial Services,Mass Customer,No,16,>15,10,>9,50.11
Ivy,Farr,Female,56,1973-07-03,50.0,50-60,NSW,Office Assistant IV,IT,High Net Worth,No,19,>15,11,>9,50.11
Abigale,Sives,Female,48,1963-12-13,60.0,60-70,QLD,VP Marketing,Health,Affluent Customer,Yes,14,10-15,4,3-6,50.07
Kaylyn,Jakaway,Female,45,1980-07-30,43.0,40-50,NSW,Registered Nurse,Health,Affluent Customer,No,10,10-15,8,6-9,49.99
Kearney,Cuddehy,Male,88,1997-05-18,27.0,20-30,QLD,Marketing Assistant,Retail,Mass Customer,No,12,10-15,6,6-9,49.85
Ogdan,Blenkinship,Male,65,1951-01-18,73.0,>70,VIC,Occupational Therapist,Health,Mass Customer,Yes,21,>15,5,3-6,49.77
Kellina,Haygreen,Female,38,1966-01-19,58.0,50-60,NSW,Librarian,Entertainment,Affluent Customer,No,18,>15,10,>9,49.74
Marcelia,Monkleigh,Female,61,1993-08-22,30.0,30-40,QLD,Associate Professor,Manufacturing,Mass Customer,Yes,4,<5,6,6-9,49.74
Nicol,Swinford,Male,65,1976-12-07,47.0,40-50,QLD,VP Marketing,Property,High Net Worth,No,16,>15,7,6-9,49.62
Datha,Fishburn,Female,15,1990-07-02,33.0,30-40,VIC,Office Assistant IV,Retail,Mass Customer,No,3,<5,12,>9,49.61
Lek,Pimblett,Male,88,1955-09-29,68.0,60-70,NSW,Product Engineer,Financial Services,Mass Customer,Yes,6,5-10,2,<3,49.59
Seamus,Cains,Male,61,1989-12-15,34.0,30-40,NSW,Teacher,Manufacturing,High Net Worth,No,7,5-10,8,6-9,49.54
Marilin,Frome,Female,58,1975-12-22,48.0,40-50,NSW,Account Executive,IT,Mass Customer,Yes,17,>15,9,>9,49.54
Giralda,MacPeake,Female,59,1941-04-04,83.0,>70,NSW,Librarian,Entertainment,High Net Worth,Yes,14,10-15,1,<3,49.5
Nicol,Bertot,Female,25,1977-09-11,46.0,40-50,VIC,Financial Advisor,Financial Services,Affluent Customer,Yes,18,>15,5,3-6,49.46
Kenneth,Elleyne,Male,13,1957-09-03,66.0,60-70,VIC,Technical Writer,Financial Services,Mass Customer,No,13,10-15,11,>9,49.4
Mandie,Feares,Female,32,1964-04-19,60.0,60-70,QLD,Clinical Specialist,Health,Mass Customer,No,10,10-15,8,6-9,49.39
Salomon,Perkins,Male,76,1998-01-12,26.0,20-30,NSW,Engineer IV,Financial Services,Affluent Customer,Yes,1,<5,10,>9,49.37
Bryon,Goundry,Male,79,1951-02-05,73.0,>70,QLD,Marketing Manager,Manufacturing,Mass Customer,No,21,>15,5,3-6,49.36
Art,Shardlow,Male,57,1963-10-15,60.0,60-70,QLD,Data Coordiator,Argiculture,Mass Customer,Yes,15,>15,2,<3,49.36
Son,Varney,Male,75,1993-11-02,30.0,30-40,NSW,Analog Circuit Design manager,Property,Mass Customer,Yes,10,10-15,7,6-9,49.35
Charlena,Berney,Female,55,1966-01-02,58.0,50-60,QLD,Geological Engineer,Manufacturing,High Net Worth,Yes,12,10-15,4,3-6,49.19
Dulce,Bradwell,Female,61,1957-07-03,66.0,60-70,QLD,Research Associate,Manufacturing,Mass Customer,No,20,>15,9,>9,49.14
Shane,Killen,Male,28,1956-10-16,67.0,60-70,NSW,Account Executive,Entertainment,High Net Worth,No,10,10-15,8,6-9,49.12
Laurel,Devennie,Female,78,1976-09-25,47.0,40-50,QLD,VP Product Management,Manufacturing,Affluent Customer,No,13,10-15,5,3-6,49.01
Bastien,Ibbeson,Male,53,1976-11-04,47.0,40-50,NSW,Software Consultant,IT,Mass Customer,No,12,10-15,5,3-6,48.93
Bertrando,Carass,Male,45,1956-06-25,67.0,60-70,NSW,Sales Associate,Property,Mass Customer,No,8,5-10,5,3-6,48.89
Weidar,Etheridge,Male,38,1959-07-13,64.0,60-70,NSW,Compensation Analyst,Financial Services,Mass Customer,Yes,6,5-10,4,3-6,48.88
Marysa,Rouchy,Female,8,1999-02-15,25.0,20-30,NSW,Assistant Media Planner,Entertainment,Affluent Customer,No,5,5-10,9,>9,48.82
Wilburt,Padden,Male,22,1994-09-30,29.0,20-30,NSW,Engineer I,Manufacturing,Mass Customer,No,3,<5,5,3-6,48.66
Zollie,Crinidge,Male,39,1988-01-10,36.0,30-40,QLD,Systems Administrator I,Retail,Mass Customer,Yes,10,10-15,5,3-6,48.54
Inglebert,Aspinal,Male,4,1973-10-13,50.0,50-60,NSW,Financial Analyst,Financial Services,Mass Customer,No,11,10-15,8,6-9,48.52
Artemis,Swanson,Male,77,1977-02-12,47.0,40-50,VIC,Web Designer II,Argiculture,Mass Customer,Yes,13,10-15,5,3-6,48.5
Leese,Huckleby,Female,67,1977-09-10,46.0,40-50,VIC,Help Desk Operator,Manufacturing,High Net Worth,Yes,16,>15,7,6-9,48.5
Sigismund,Sedger,Male,9,1999-11-29,24.0,20-30,NSW,Accountant II,Manufacturing,Affluent Customer,No,7,5-10,10,>9,48.47
Don,Spratling,Male,82,1969-01-05,55.0,50-60,NSW,Associate Professor,Property,Affluent Customer,Yes,7,5-10,10,>9,48.45
Kizzee,Agget,Female,98,1976-07-25,47.0,40-50,NSW,Statistician II,Manufacturing,Affluent Customer,No,8,5-10,10,>9,48.43
Cristen,Maroney,Female,22,1999-11-21,24.0,20-30,QLD,Accountant IV,IT,High Net Worth,Yes,7,5-10,7,6-9,48.4
Kermit,Lebond,Male,36,1980-02-01,44.0,40-50,QLD,Financial Advisor,Financial Services,Mass Customer,No,4,<5,8,6-9,48.39
Cordi,Thornton,Female,47,1973-01-04,51.0,50-60,NSW,Structural Engineer,Telecommunications,Mass Customer,No,11,10-15,10,>9,48.31
Ashby,Bispham,Male,71,1981-10-29,42.0,40-50,NSW,Software Consultant,Retail,Affluent Customer,No,4,<5,8,6-9,48.31
Archibald,Blessed,Male,61,1969-02-10,55.0,50-60,NSW,VP Sales,Financial Services,Mass Customer,Yes,18,>15,11,>9,48.23
Mandie,MacAdie,Female,39,1974-12-25,49.0,40-50,NSW,Chief Design Engineer,Telecommunications,High Net Worth,No,13,10-15,11,>9,48.16
Barthel,Docket,Male,72,1985-08-02,38.0,30-40,QLD,Accounting Assistant IV,IT,Mass Customer,Yes,17,>15,5,3-6,48.13
Robenia,Monks,Female,94,1959-05-08,65.0,60-70,QLD,Nurse Practicioner,Manufacturing,Mass Customer,No,5,5-10,9,>9,48.12
Reynold,Elman,Male,19,1940-01-18,84.0,>70,NSW,Marketing Manager,Manufacturing,Mass Customer,No,9,5-10,2,<3,48.11
Raleigh,Pont,Male,48,1964-11-02,59.0,50-60,VIC,Associate Professor,Entertainment,Mass Customer,No,14,10-15,7,6-9,47.94
Berenice,Kaesmakers,Female,64,1994-10-15,29.0,20-30,NSW,Sales Representative,Retail,Mass Customer,No,11,10-15,9,>9,47.94
Aloysius,Glowacz,Male,72,1979-03-24,45.0,40-50,NSW,Financial Advisor,Financial Services,Affluent Customer,No,18,>15,10,>9,47.88
Benoit,Harniman,Male,31,1976-08-27,47.0,40-50,QLD,Research Assistant II,Telecommunications,Affluent Customer,No,9,5-10,7,6-9,47.87
Shelli,Bartholomaus,Female,88,1963-05-11,61.0,60-70,VIC,Associate Professor,Health,Mass Customer,Yes,6,5-10,7,6-9,47.86
Caritta,Compston,Female,86,1958-04-25,66.0,60-70,VIC,Geological Engineer,Manufacturing,Mass Customer,Yes,17,>15,5,3-6,47.85
Benedikt,Adamou,Male,15,1987-01-15,37.0,30-40,VIC,Recruiting Manager,Health,Mass Customer,No,11,10-15,3,3-6,47.82
Barth,Sapshed,Male,4,1994-06-16,29.0,20-30,QLD,Executive Secretary,Financial Services,Mass Customer,Yes,13,10-15,10,>9,47.82
Guilbert,Bearns,Male,42,1982-10-29,41.0,40-50,VIC,Financial Analyst,Financial Services,Mass Customer,Yes,5,5-10,8,6-9,47.81
Ceciley,Harg,Female,50,1990-10-19,33.0,30-40,QLD,Nurse Practicioner,Retail,Mass Customer,Yes,4,<5,7,6-9,47.76
Ross,Vidgen,Male,17,1947-12-28,76.0,>70,QLD,VP Sales,Retail,Affluent Customer,No,12,10-15,9,>9,47.75
Beatrix,McGivena,Female,26,1966-10-18,57.0,50-60,QLD,Assistant Manager,Health,Mass Customer,Yes,9,5-10,10,>9,47.72
Terrence,Dalligan,Male,60,1998-02-19,26.0,20-30,VIC,Chemical Engineer,Manufacturing,High Net Worth,Yes,2,<5,6,6-9,47.72
Claude,Bowstead,Female,37,1997-11-29,26.0,20-30,NSW,Accounting Assistant III,Manufacturing,Mass Customer,No,7,5-10,12,>9,47.63
Ailyn,Howgate,Female,66,2001-09-27,22.0,20-30,QLD,Electrical Engineer,Manufacturing,Mass Customer,Yes,2,<5,7,6-9,47.62
Harriet,Brattan,Female,81,1986-12-03,37.0,30-40,VIC,Human Resources Assistant I,Financial Services,High Net Worth,No,2,<5,1,<3,47.6
Cicily,Hast,Female,63,1971-04-26,53.0,50-60,NSW,Food Chemist,Health,Affluent Customer,Yes,8,5-10,3,3-6,47.59
Burk,Wortley,Male,22,2001-10-17,22.0,20-30,NSW,Senior Sales Associate,Health,Mass Customer,No,6,5-10,10,>9,47.54
Dorie,Dunleavy,Female,24,1962-05-05,62.0,60-70,VIC,Registered Nurse,Health,Affluent Customer,No,12,10-15,4,3-6,47.33
Opal,Cleare,Female,6,1977-09-26,46.0,40-50,NSW,Database Administrator II,Property,Affluent Customer,Yes,20,>15,9,>9,47.22
Claudell,Rounsefell,Male,67,1993-11-27,30.0,30-40,QLD,VP Sales,Financial Services,Affluent Customer,No,8,5-10,5,3-6,47.2
Harvey,Dwelley,Male,70,1973-08-30,50.0,50-60,NSW,Help Desk Technician,Financial Services,Affluent Customer,No,18,>15,9,>9,47.17
Phyllis,Wibberley,Female,7,1971-01-10,53.0,50-60,NSW,Web Designer IV,Retail,Affluent Customer,No,11,10-15,12,>9,47.17
Fancie,Woofendell,Female,68,1966-09-17,57.0,50-60,QLD,Research Nurse,Health,Mass Customer,Yes,6,5-10,7,6-9,47.15
Sheena,Kybbye,Female,14,1956-07-16,67.0,60-70,QLD,Paralegal,Financial Services,Affluent Customer,Yes,19,>15,1,<3,47.0
Feodor,Vickers,Male,60,1989-11-18,34.0,30-40,NSW,VP Quality Control,Financial Services,Mass Customer,Yes,4,<5,6,6-9,46.94
Lura,Fawdrie,Female,66,2002-01-17,22.0,20-30,QLD,VP Sales,Health,Mass Customer,Yes,4,<5,3,3-6,46.93
Petr,Westman,Male,5,1987-11-02,36.0,30-40,QLD,Nurse Practicioner,Property,Mass Customer,No,7,5-10,7,6-9,46.93
Errick,Burgin,Male,87,1998-08-19,25.0,20-30,NSW,Professor,Entertainment,Mass Customer,No,11,10-15,2,<3,46.9
Porter,Buckenhill,Male,46,1954-06-14,69.0,60-70,QLD,Help Desk Operator,Manufacturing,High Net Worth,Yes,9,5-10,7,6-9,46.89
Emelen,Bidnall,Male,79,1981-08-05,42.0,40-50,NSW,Systems Administrator IV,Health,Affluent Customer,Yes,11,10-15,12,>9,46.84
Geoff,Gwillym,Male,89,1999-02-22,25.0,20-30,NSW,Clinical Specialist,Health,Affluent Customer,No,8,5-10,4,3-6,46.79
Vincent,Jopke,Male,6,1972-03-10,52.0,50-60,VIC,Analog Circuit Design manager,Property,Affluent Customer,No,16,>15,3,3-6,46.78
Inglis,Pickaver,Male,33,1994-06-25,29.0,20-30,NSW,Product Engineer,Telecommunications,Affluent Customer,No,1,<5,8,6-9,46.77
Jenelle,Mc-Kerley,Female,40,1942-01-23,82.0,>70,QLD,Data Coordiator,Financial Services,Mass Customer,Yes,16,>15,5,3-6,46.76
Kaela,Romaines,Female,41,1971-11-27,52.0,50-60,NSW,Geological Engineer,Manufacturing,High Net Worth,No,19,>15,10,>9,46.68
Halette,Borsi,Female,60,1961-12-10,62.0,60-70,NSW,Research Nurse,Health,Affluent Customer,Yes,16,>15,9,>9,46.59
Janaye,Eade,Female,23,1984-12-13,39.0,30-40,NSW,Chief Design Engineer,Health,Affluent Customer,No,4,<5,3,3-6,46.57
Norina,Blakeway,Female,60,1980-02-11,44.0,40-50,VIC,Programmer Analyst II,Property,Mass Customer,Yes,3,<5,8,6-9,46.55
Reinold,Natt,Male,16,1964-08-23,59.0,50-60,VIC,Help Desk Technician,Financial Services,High Net Worth,Yes,8,5-10,8,6-9,46.45
Iain,Haversham,Male,92,1950-12-26,73.0,>70,NSW,Sales Representative,Retail,Mass Customer,Yes,13,10-15,10,>9,46.4
Hilario,McCulloch,Male,61,1986-01-10,38.0,30-40,VIC,Physical Therapy Assistant,Retail,Mass Customer,No,8,5-10,8,6-9,46.36
Myrtie,Ostrich,Female,70,1996-06-18,27.0,20-30,NSW,VP Quality Control,Property,Affluent Customer,Yes,9,5-10,7,6-9,46.35
Harwell,Kleinstein,Male,87,1993-10-18,30.0,30-40,VIC,Sales Representative,Retail,Affluent Customer,No,15,>15,5,3-6,46.35
Clarabelle,Broschek,Female,6,1963-08-25,60.0,60-70,QLD,Geological Engineer,Manufacturing,Mass Customer,No,18,>15,6,6-9,46.22
Reggie,Kernar,Female,26,1971-11-28,52.0,50-60,NSW,Senior Editor,Financial Services,High Net Worth,No,17,>15,10,>9,46.19
Morgen,Newport,Female,5,1960-08-31,63.0,60-70,VIC,Project Manager,Manufacturing,Mass Customer,No,6,5-10,4,3-6,46.04
Loise,Iltchev,Female,70,1967-03-18,57.0,50-60,QLD,Electrical Engineer,Manufacturing,High Net Worth,Yes,17,>15,6,6-9,46.02
Chickie,Brister,Male,86,1957-07-12,66.0,60-70,QLD,General Manager,Manufacturing,Mass Customer,Yes,14,10-15,6,6-9,46.01
Xenia,Maleck,Female,41,1960-02-14,64.0,60-70,VIC,VP Product Management,Telecommunications,Mass Customer,No,12,10-15,7,6-9,46.0
Jo,Roberts,Female,41,1945-10-31,78.0,>70,NSW,Paralegal,Financial Services,High Net Worth,Yes,11,10-15,3,3-6,46.0
Caron,Kezar,Female,11,1953-08-08,70.0,>70,NSW,Social Worker,Health,Mass Customer,No,5,5-10,1,<3,45.99
Flin,Yoskowitz,Male,9,1995-12-17,28.0,20-30,NSW,Registered Nurse,Health,Mass Customer,Yes,11,10-15,7,6-9,45.91
Jethro,Mertel,Male,16,1978-12-10,45.0,40-50,NSW,Software Consultant,Argiculture,Mass Customer,Yes,15,>15,6,6-9,45.91
Winn,Wells,Male,66,1994-04-12,30.0,30-40,NSW,Analyst Programmer,Manufacturing,Affluent Customer,No,9,5-10,10,>9,45.91
Gabrila,Toopin,Female,7,1963-01-14,61.0,60-70,NSW,Junior Executive,Manufacturing,Mass Customer,No,12,10-15,6,6-9,45.91
Andree,Breeds,Female,31,1954-10-19,69.0,60-70,VIC,Senior Editor,Financial Services,Affluent Customer,Yes,11,10-15,6,6-9,45.84
Theresa,Cowper,Female,99,1976-08-24,47.0,40-50,NSW,Accountant III,Manufacturing,Mass Customer,No,3,<5,10,>9,45.79
Winnifred,Beswetherick,Female,83,1976-06-08,47.0,40-50,VIC,Actuary,Financial Services,Mass Customer,No,14,10-15,10,>9,45.79
Nalani,Hallad,Female,15,1999-11-30,24.0,20-30,VIC,Environmental Specialist,Health,Affluent Customer,Yes,9,5-10,9,>9,45.78
Alexina,Mabley,Female,72,1975-10-12,48.0,40-50,NSW,Web Designer IV,Manufacturing,Mass Customer,Yes,10,10-15,9,>9,45.7
Maurizia,Ritmeyer,Female,95,1980-04-09,44.0,40-50,NSW,Teacher,Entertainment,Mass Customer,Yes,3,<5,6,6-9,45.66
Renell,Earley,Female,5,1954-10-21,69.0,60-70,QLD,Compensation Analyst,Financial Services,Mass Customer,Yes,11,10-15,5,3-6,45.66
Rodolph,Denniss,Male,28,1974-08-07,49.0,40-50,VIC,Geologist III,Property,Affluent Customer,Yes,7,5-10,2,<3,45.6
Katie,Warhurst,Female,0,1991-12-02,32.0,30-40,VIC,Help Desk Operator,Retail,High Net Worth,Yes,14,10-15,5,3-6,45.6
Brynn,Goodyear,Female,30,1944-11-10,79.0,>70,VIC,Human Resources Manager,Health,Mass Customer,Yes,11,10-15,7,6-9,45.6
Evonne,Bembridge,Female,9,1969-07-06,54.0,50-60,VIC,Recruiting Manager,Retail,Mass Customer,Yes,14,10-15,9,>9,45.58
Shepherd,Dutchburn,Male,33,1976-08-12,47.0,40-50,NSW,Senior Sales Associate,Financial Services,High Net Worth,Yes,9,5-10,9,>9,45.58
Griswold,Kelsall,Male,55,1993-12-19,30.0,30-40,VIC,Social Worker,Health,High Net Worth,Yes,11,10-15,7,6-9,45.56
Zach,Hedman,Male,87,1981-09-11,42.0,40-50,NSW,Analyst Programmer,Financial Services,Affluent Customer,Yes,4,<5,9,>9,45.53
Pace,Clemonts,Male,99,1990-07-28,33.0,30-40,VIC,Media Manager IV,Retail,High Net Worth,No,10,10-15,7,6-9,45.41
Rollo,Louedey,Male,64,1946-07-09,77.0,>70,NSW,Information Systems Manager,Telecommunications,Affluent Customer,Yes,17,>15,9,>9,45.36
Sim,Constantinou,Male,91,1992-08-09,31.0,30-40,NSW,Analog Circuit Design manager,Property,Mass Customer,No,5,5-10,9,>9,45.32
Viki,Coutts,Female,2,1952-12-14,71.0,>70,NSW,Automation Specialist II,Property,Mass Customer,Yes,7,5-10,4,3-6,45.26
Lucius,Hatchell,Male,37,1951-03-19,73.0,>70,VIC,Media Manager II,Retail,Mass Customer,Yes,14,10-15,8,6-9,45.26
Tiphanie,Blackader,Female,59,1947-10-08,76.0,>70,NSW,Physical Therapy Assistant,Retail,Mass Customer,No,17,>15,11,>9,45.24
My,Chaston,Male,92,1966-07-16,57.0,50-60,VIC,Desktop Support Technician,Manufacturing,Affluent Customer,Yes,16,>15,9,>9,45.19
Sunny,Christescu,Female,90,1975-03-12,49.0,40-50,NSW,Cost Accountant,Financial Services,Mass Customer,No,11,10-15,10,>9,45.18
Jillane,Simion,Female,8,1974-07-03,49.0,40-50,QLD,VP Marketing,Manufacturing,High Net Worth,No,7,5-10,3,3-6,45.13
Harman,A'field,Male,39,1960-12-27,63.0,60-70,QLD,Geologist III,Manufacturing,Affluent Customer,Yes,6,5-10,5,3-6,45.11
Tobiah,Heinsius,Male,66,2000-01-25,24.0,20-30,NSW,Chief Design Engineer,Health,High Net Worth,No,9,5-10,8,6-9,45.1
Emelia,Ackwood,Female,72,1988-09-30,35.0,30-40,QLD,Senior Cost Accountant,Financial Services,Mass Customer,Yes,10,10-15,9,>9,45.03
Frederich,Glantz,Male,37,1997-08-27,26.0,20-30,NSW,Nuclear Power Engineer,Manufacturing,High Net Worth,Yes,10,10-15,8,6-9,45.03
Morly,Genery,Male,69,1970-03-22,54.0,50-60,NSW,Structural Engineer,Property,Mass Customer,No,16,>15,11,>9,45.02
Angie,Tansley,Male,68,1950-11-30,73.0,>70,NSW,VP Sales,Manufacturing,Mass Customer,No,8,5-10,7,6-9,44.96
Craggy,Happel,Male,37,1979-02-10,45.0,40-50,VIC,Marketing Manager,Manufacturing,High Net Worth,Yes,8,5-10,6,6-9,44.93
Andrew,Froment,Male,58,1977-07-19,46.0,40-50,VIC,Office Assistant IV,Retail,High Net Worth,No,7,5-10,2,<3,44.89
Lezlie,Clemits,Female,2,1973-05-30,50.0,50-60,NSW,Senior Cost Accountant,Financial Services,Mass Customer,Yes,15,>15,10,>9,44.8
Zondra,Ringham,Female,36,1948-01-13,76.0,>70,QLD,Cost Accountant,Financial Services,Mass Customer,Yes,7,5-10,5,3-6,44.77
Agnella,Capener,Female,58,1969-05-21,54.0,50-60,VIC,Teacher,Health,High Net Worth,No,19,>15,6,6-9,44.7
Davie,Blay,Male,94,1985-12-19,38.0,30-40,NSW,Financial Analyst,Financial Services,Mass Customer,No,8,5-10,7,6-9,44.66
Thaxter,Kingsbury,Male,12,1950-05-03,74.0,>70,NSW,Product Engineer,Argiculture,Mass Customer,No,20,>15,12,>9,44.66
Therese,Brotherhood,Female,30,1981-07-28,42.0,40-50,NSW,Food Chemist,Health,Mass Customer,No,10,10-15,10,>9,44.63
Alta,Pithcock,Female,64,1999-11-18,24.0,20-30,NSW,GIS Technical Architect,Financial Services,Mass Customer,No,2,<5,7,6-9,44.6
Claudetta,Ricciardiello,Female,61,1974-04-30,50.0,50-60,VIC,Internal Auditor,Financial Services,Mass Customer,Yes,21,>15,8,6-9,44.58
Shawna,Hinrichsen,Female,60,1969-08-27,54.0,50-60,NSW,Assistant Professor,Manufacturing,Affluent Customer,Yes,9,5-10,2,<3,44.51
Christie,Anders,Male,38,1969-10-02,54.0,50-60,NSW,VP Marketing,Retail,Mass Customer,No,16,>15,10,>9,44.38
Perry,Whitehurst,Male,79,1980-05-29,43.0,40-50,VIC,Structural Engineer,Manufacturing,High Net Worth,Yes,8,5-10,7,6-9,44.38
Maisie,Maddox,Female,27,1977-05-09,47.0,40-50,VIC,Assistant Manager,Financial Services,Affluent Customer,No,20,>15,9,>9,44.34
Egon,Ortells,Male,35,1976-06-11,47.0,40-50,NSW,Structural Engineer,Manufacturing,Affluent Customer,No,13,10-15,9,>9,44.29
Aundrea,Outridge,Female,77,2001-01-24,23.0,20-30,VIC,Structural Engineer,Financial Services,Affluent Customer,Yes,10,10-15,12,>9,44.27
Deirdre,Sturgeon,Female,11,1965-12-22,58.0,50-60,NSW,VP Sales,Retail,Mass Customer,Yes,9,5-10,10,>9,44.27
Esdras,Birchett,Male,81,1950-12-09,73.0,>70,NSW,Assistant Media Planner,Entertainment,Mass Customer,Yes,21,>15,9,>9,44.25
Yardley,Matten,Male,35,1991-03-06,33.0,30-40,QLD,Junior Executive,Financial Services,Mass Customer,No,15,>15,2,<3,44.23
Shannen,Lewin,Female,21,1991-06-07,32.0,30-40,QLD,Analog Circuit Design manager,Argiculture,High Net Worth,No,6,5-10,6,6-9,44.23
Andriana,Gosnoll,Female,53,1964-05-19,60.0,60-70,NSW,Chief Design Engineer,Manufacturing,Mass Customer,No,8,5-10,10,>9,44.19
Stephi,Highton,Female,30,1987-09-09,36.0,30-40,NSW,Software Engineer I,Telecommunications,Mass Customer,Yes,12,10-15,10,>9,44.15
Symon,Mawne,Male,18,1943-02-08,81.0,>70,VIC,Human Resources Assistant IV,Property,Mass Customer,Yes,15,>15,4,3-6,44.15
Harland,Messenger,Male,90,1974-05-28,49.0,40-50,VIC,Software Test Engineer I,Retail,Mass Customer,No,8,5-10,10,>9,44.11
Essie,Withur,Female,42,1941-02-26,83.0,>70,VIC,Director of Sales,Financial Services,High Net Worth,No,19,>15,7,6-9,44.0
Worthington,Ahmed,Male,79,1972-03-24,52.0,50-60,VIC,Senior Cost Accountant,Financial Services,High Net Worth,No,13,10-15,3,3-6,43.98
Austine,Speedy,Female,38,1940-05-23,83.0,>70,NSW,Software Engineer II,Argiculture,High Net Worth,Yes,14,10-15,8,6-9,43.95
Riki,Wandtke,Female,25,1962-05-12,62.0,60-70,QLD,Librarian,Entertainment,Mass Customer,Yes,5,5-10,7,6-9,43.91
Valerie,Pickover,Female,34,1965-09-08,58.0,50-60,NSW,Editor,Financial Services,Mass Customer,No,9,5-10,8,6-9,43.9
Kipp,Stockport,Male,36,1982-12-10,41.0,40-50,NSW,Data Coordiator,Retail,Mass Customer,Yes,6,5-10,11,>9,43.9
Melany,Ladewig,Female,76,1972-05-17,52.0,50-60,QLD,Research Associate,Financial Services,Mass Customer,Yes,10,10-15,7,6-9,43.81
Nichole,Leisman,Male,37,1986-08-07,37.0,30-40,NSW,Geologist III,Property,Affluent Customer,No,4,<5,12,>9,43.8
Sibylla,Kibble,Female,73,1962-08-05,61.0,60-70,NSW,Pharmacist,Health,High Net Worth,No,12,10-15,9,>9,43.8
Annabelle,Hanwell,Female,11,1951-11-28,72.0,>70,VIC,Professor,Manufacturing,High Net Worth,Yes,15,>15,12,>9,43.79
Pierrette,Gummie,Female,18,1966-08-04,57.0,50-60,VIC,Statistician II,Retail,Affluent Customer,No,14,10-15,8,6-9,43.76
Teodor,Mullinder,Male,56,1962-08-26,61.0,60-70,VIC,Nuclear Power Engineer,Manufacturing,High Net Worth,No,11,10-15,5,3-6,43.75
Ferdinand,Romanetti,Male,60,1959-10-07,64.0,60-70,NSW,Paralegal,Financial Services,Affluent Customer,No,9,5-10,7,6-9,43.73
Kort,Disley,Male,66,1979-02-05,45.0,40-50,NSW,Technical Writer,Health,Mass Customer,Yes,7,5-10,9,>9,43.7
Dorian,Emery,Female,94,1998-08-24,25.0,20-30,NSW,Professor,Manufacturing,Mass Customer,Yes,9,5-10,8,6-9,43.7
Elbertina,Fendley,Female,32,1992-03-27,32.0,30-40,NSW,Physical Therapy Assistant,Property,Affluent Customer,No,8,5-10,11,>9,43.65
Lucky,Klainman,Female,24,1947-11-26,76.0,>70,VIC,Chief Design Engineer,Retail,Mass Customer,No,8,5-10,4,3-6,43.65
Bambi,Cogger,Female,51,1990-07-12,33.0,30-40,NSW,Design Engineer,Retail,Affluent Customer,Yes,5,5-10,7,6-9,43.62
Andy,Deeming,Male,79,1979-01-09,45.0,40-50,QLD,Payment Adjustment Coordinator,Manufacturing,Affluent Customer,Yes,7,5-10,8,6-9,43.61
Jamie,Jiruca,Female,21,1963-06-16,60.0,60-70,NSW,Recruiting Manager,Argiculture,Mass Customer,No,18,>15,9,>9,43.57
Biddie,Gorce,Female,68,1988-01-30,36.0,30-40,NSW,Senior Financial Analyst,Financial Services,Mass Customer,Yes,5,5-10,7,6-9,43.56
Sinclair,Wark,Male,68,1974-02-21,50.0,50-60,NSW,Financial Analyst,Financial Services,Mass Customer,Yes,11,10-15,9,>9,43.5
Arman,Yakubov,Male,68,1977-10-07,46.0,40-50,NSW,VP Quality Control,Property,High Net Worth,Yes,17,>15,4,3-6,43.49
Rebeca,Aggas,Female,66,1953-02-27,71.0,>70,VIC,Social Worker,Health,Affluent Customer,No,21,>15,1,<3,43.47
Lesley,Garey,Male,52,1994-03-29,30.0,30-40,NSW,Software Consultant,Telecommunications,Mass Customer,No,11,10-15,9,>9,43.43
Jenny,Massy,Female,82,1963-10-16,60.0,60-70,NSW,Project Manager,Telecommunications,Mass Customer,Yes,10,10-15,2,<3,43.38
Latrena,Walklate,Female,97,1943-10-05,80.0,>70,NSW,Mechanical Systems Engineer,Telecommunications,High Net Worth,Yes,13,10-15,8,6-9,43.35
Eddy,Sturch,Male,22,1961-02-11,63.0,60-70,QLD,Software Consultant,Financial Services,High Net Worth,Yes,17,>15,6,6-9,43.34
Lizbeth,Garvan,Female,36,1996-09-06,27.0,20-30,NSW,Structural Analysis Engineer,Health,Mass Customer,No,4,<5,9,>9,43.33
Cammy,Stoneham,Female,74,1963-05-02,61.0,60-70,QLD,Business Systems Development Analyst,Financial Services,High Net Worth,No,14,10-15,3,3-6,43.27
Cazzie,Stanwix,Male,37,1960-10-01,63.0,60-70,QLD,Research Assistant IV,Manufacturing,High Net Worth,Yes,11,10-15,7,6-9,43.18
Norah,Mapis,Female,75,2000-12-09,23.0,20-30,NSW,Assistant Manager,Argiculture,Mass Customer,No,10,10-15,9,>9,43.15
Conroy,Rappaport,Male,39,1965-01-08,59.0,50-60,NSW,Assistant Manager,Health,High Net Worth,No,9,5-10,9,>9,43.15
Nadiya,Balasini,Female,40,1950-11-05,73.0,>70,NSW,Sales Associate,Financial Services,Mass Customer,No,15,>15,9,>9,43.06
Laurie,Odlin,Female,75,1983-03-08,41.0,40-50,VIC,Social Worker,Health,High Net Worth,No,10,10-15,10,>9,43.02
Kathe,Oller,Female,47,1959-08-20,64.0,60-70,VIC,General Manager,Manufacturing,Mass Customer,Yes,5,5-10,4,3-6,42.98
Kissie,Line,Female,2,2000-05-20,24.0,20-30,NSW,Environmental Tech,Manufacturing,Affluent Customer,Yes,7,5-10,9,>9,42.97
Antony,Tuma,Male,11,1954-03-10,70.0,>70,VIC,Environmental Tech,Telecommunications,High Net Worth,Yes,13,10-15,10,>9,42.96
Sylas,Duffill,Male,56,1955-10-02,68.0,60-70,NSW,Staff Accountant IV,Property,Mass Customer,Yes,14,10-15,9,>9,42.88
Kinna,Kollasch,Female,7,1986-11-09,37.0,30-40,QLD,Safety Technician I,Property,High Net Worth,No,9,5-10,10,>9,42.82
Otha,Langworthy,Female,91,1967-01-20,57.0,50-60,VIC,Senior Financial Analyst,Financial Services,Mass Customer,Yes,13,10-15,10,>9,42.76
Daisy,Spowart,Female,60,1967-12-18,56.0,50-60,QLD,Staff Accountant I,Health,Affluent Customer,Yes,4,<5,3,3-6,42.68
Denny,Spleving,Female,84,1973-05-13,51.0,50-60,NSW,Business Systems Development Analyst,Manufacturing,Affluent Customer,Yes,5,5-10,8,6-9,42.67
Deborah,Petrovsky,Female,53,1943-07-14,80.0,>70,NSW,Teacher,Property,Mass Customer,No,16,>15,7,6-9,42.6
Luci,Dyter,Female,12,1952-05-30,71.0,>70,VIC,Software Test Engineer I,Manufacturing,High Net Worth,No,20,>15,7,6-9,42.58
Druci,Brandli,Female,39,1951-04-29,73.0,>70,QLD,Assistant Media Planner,Entertainment,High Net Worth,Yes,22,>15,7,6-9,42.56
Gaston,Dallaghan,Male,44,1993-09-29,30.0,30-40,NSW,Financial Analyst,Financial Services,Mass Customer,Yes,8,5-10,7,6-9,42.56
Ferdy,Hornung,Male,57,1974-05-14,50.0,50-60,QLD,Analog Circuit Design manager,Entertainment,High Net Worth,No,18,>15,3,3-6,42.56
Blinnie,Roze,Female,84,1960-12-10,63.0,60-70,QLD,Librarian,Entertainment,High Net Worth,No,11,10-15,7,6-9,42.48
Rodrique,Vernon,Male,70,1978-08-06,45.0,40-50,VIC,Budget/Accounting Analyst III,Manufacturing,Affluent Customer,No,17,>15,8,6-9,42.44
Dwayne,Doel,Male,80,1978-01-21,46.0,40-50,NSW,Cost Accountant,Financial Services,Affluent Customer,Yes,17,>15,11,>9,42.43
Welby,Lourenco,Male,6,1975-12-27,48.0,40-50,NSW,Senior Cost Accountant,Financial Services,High Net Worth,Yes,17,>15,9,>9,42.27
Adriane,Richardson,Female,81,1976-03-10,48.0,40-50,VIC,Data Coordiator,Manufacturing,High Net Worth,No,9,5-10,8,6-9,42.26
Heall,Andrioli,Male,46,1941-06-17,82.0,>70,QLD,Environmental Tech,IT,Affluent Customer,Yes,7,5-10,5,3-6,42.25
Bogey,Attew,Male,88,1992-11-18,31.0,30-40,QLD,Software Engineer II,IT,Mass Customer,Yes,10,10-15,9,>9,42.24
Charlie,Dmych,Male,60,1950-03-31,74.0,>70,NSW,Account Coordinator,Manufacturing,High Net Worth,No,13,10-15,6,6-9,42.04
Chanda,Mensler,Female,15,1972-01-14,52.0,50-60,NSW,Computer Systems Analyst IV,Manufacturing,Mass Customer,Yes,13,10-15,10,>9,42.02
Claudine,Dymick,Female,28,1965-12-13,58.0,50-60,VIC,Design Engineer,Health,Mass Customer,No,5,5-10,5,3-6,41.96
Gunner,Petti,Male,62,1999-06-08,24.0,20-30,QLD,Executive Secretary,Financial Services,High Net Worth,Yes,3,<5,5,3-6,41.96
Irvin,Bevans,Male,82,1962-07-12,61.0,60-70,NSW,Payment Adjustment Coordinator,Manufacturing,Mass Customer,No,12,10-15,11,>9,41.75
Francisca,Pottage,Female,63,1957-06-10,66.0,60-70,NSW,Software Engineer II,IT,Mass Customer,No,8,5-10,9,>9,41.75
Elmira,Vasilyev,Female,33,1951-10-14,72.0,>70,NSW,Senior Quality Engineer,Manufacturing,High Net Worth,No,12,10-15,9,>9,41.74
Delinda,Ech,Female,74,1944-10-21,79.0,>70,VIC,Environmental Specialist,Argiculture,Mass Customer,Yes,17,>15,10,>9,41.73
Karol,Salthouse,Female,53,1968-07-29,55.0,50-60,NSW,Research Assistant III,Financial Services,Mass Customer,Yes,18,>15,8,6-9,41.72
Elvin,Trayhorn,Male,46,1993-06-02,30.0,30-40,NSW,VP Accounting,Financial Services,High Net Worth,No,10,10-15,10,>9,41.62
Tobias,Woodhams,Male,0,1961-04-15,63.0,60-70,NSW,Research Nurse,Health,Mass Customer,No,17,>15,9,>9,41.6
Esme,Pilipets,Male,15,1967-05-06,57.0,50-60,VIC,Environmental Tech,Health,Mass Customer,Yes,5,5-10,9,>9,41.5
Celeste,Fretson,Female,91,1980-09-16,43.0,40-50,NSW,Product Engineer,IT,Mass Customer,No,9,5-10,9,>9,41.44
Martino,Scoles,Male,18,1975-01-19,49.0,40-50,VIC,Senior Financial Analyst,Financial Services,Mass Customer,No,14,10-15,4,3-6,41.43
Randall,Mason,Male,95,1974-07-28,49.0,40-50,NSW,Product Engineer,Health,Mass Customer,Yes,12,10-15,11,>9,41.42
Menard,Venmore,Male,97,1978-04-04,46.0,40-50,NSW,Assistant Professor,Retail,High Net Worth,No,8,5-10,10,>9,41.39
Sindee,Jasik,Female,18,1942-10-21,81.0,>70,QLD,Social Worker,Health,Mass Customer,Yes,15,>15,9,>9,41.37
Eachelle,Noirel,Female,93,1974-01-26,50.0,50-60,NSW,Registered Nurse,Health,Affluent Customer,Yes,11,10-15,6,6-9,41.37
Cami,Barnbrook,Female,8,1963-01-01,61.0,60-70,QLD,Occupational Therapist,Health,Affluent Customer,Yes,18,>15,2,<3,41.32
Nixie,Shoesmith,Female,45,1956-12-04,67.0,60-70,QLD,Junior Executive,Retail,Affluent Customer,No,12,10-15,6,6-9,41.27
Regine,Bownes,Female,99,1952-07-01,71.0,>70,VIC,Senior Developer,Retail,Affluent Customer,No,15,>15,9,>9,41.26
Kariotta,Naper,Female,8,1952-04-07,72.0,>70,NSW,VP Sales,Health,Mass Customer,No,21,>15,10,>9,41.23
Latrena,Yetts,Female,11,1999-06-18,24.0,20-30,NSW,Civil Engineer,Manufacturing,High Net Worth,Yes,15,>15,3,3-6,41.23
Ingmar,Okenden,Male,97,1959-03-01,65.0,60-70,VIC,Compensation Analyst,Financial Services,Mass Customer,Yes,8,5-10,2,<3,41.2
Brynna,Tivers,Female,81,1974-08-09,49.0,40-50,QLD,Recruiting Manager,Financial Services,Mass Customer,No,6,5-10,7,6-9,41.18
Miran,Runchman,Female,47,1975-07-09,48.0,40-50,QLD,Nurse,Retail,Mass Customer,No,17,>15,3,3-6,41.15
Ardelis,Forrester,Female,10,1974-08-28,49.0,40-50,VIC,Senior Cost Accountant,Financial Services,Affluent Customer,No,10,10-15,5,3-6,41.15
Tillie,Bisseker,Female,74,1960-08-10,63.0,60-70,NSW,Civil Engineer,Manufacturing,High Net Worth,No,14,10-15,12,>9,41.09
Dyann,Olechnowicz,Female,17,1939-07-17,84.0,>70,VIC,Nuclear Power Engineer,Manufacturing,Mass Customer,No,16,>15,10,>9,41.06
Mandi,Adamsson,Female,40,1992-04-07,32.0,30-40,QLD,Programmer Analyst I,Manufacturing,Mass Customer,Yes,5,5-10,5,3-6,41.03
Torry,de la Valette Parisot,Male,95,1967-03-14,57.0,50-60,VIC,VP Marketing,Telecommunications,Mass Customer,Yes,18,>15,9,>9,40.97
Verla,Dumingos,Female,26,1971-09-18,52.0,50-60,VIC,Design Engineer,Telecommunications,Mass Customer,Yes,10,10-15,8,6-9,40.96
Maurine,Clee,Female,45,1980-09-13,43.0,40-50,NSW,Automation Specialist II,Property,High Net Worth,Yes,5,5-10,10,>9,40.9
Letizia,Poore,Female,27,1938-08-30,85.0,>70,VIC,Web Developer II,Manufacturing,Affluent Customer,No,15,>15,3,3-6,40.89
Frederigo,Cribbott,Male,35,1965-03-15,59.0,50-60,NSW,Social Worker,Health,Mass Customer,No,16,>15,8,6-9,40.88
Guenna,Filisov,Female,52,1969-02-09,55.0,50-60,NSW,Chemical Engineer,Manufacturing,High Net Worth,No,13,10-15,9,>9,40.83
Paquito,Atwood,Male,15,1972-07-30,51.0,50-60,VIC,Nuclear Power Engineer,Manufacturing,Affluent Customer,No,9,5-10,8,6-9,40.82
Roman,Eastwood,Male,57,1969-09-21,54.0,50-60,VIC,Associate Professor,Manufacturing,Affluent Customer,Yes,16,>15,4,3-6,40.74
Almira,Mangion,Female,4,1996-01-24,28.0,20-30,NSW,VP Product Management,Financial Services,Affluent Customer,Yes,2,<5,12,>9,40.62
Sybilla,MacCart,Female,88,1987-01-15,37.0,30-40,NSW,Paralegal,Financial Services,Mass Customer,Yes,7,5-10,7,6-9,40.41
Cordie,Brankley,Female,79,1954-09-21,69.0,60-70,NSW,Librarian,Entertainment,High Net Worth,No,18,>15,6,6-9,40.41
Cristen,Wiltshire,Female,59,1961-10-20,62.0,60-70,VIC,VP Sales,Financial Services,High Net Worth,Yes,15,>15,6,6-9,40.37
Bessy,Saladin,Female,22,1939-12-22,84.0,>70,QLD,VP Marketing,Manufacturing,Mass Customer,Yes,16,>15,10,>9,40.33
Sumner,Carrivick,Male,53,1995-04-09,29.0,20-30,NSW,Desktop Support Technician,Manufacturing,Mass Customer,No,15,>15,12,>9,40.3
Dyane,Burwell,Female,19,1952-06-27,71.0,>70,NSW,Engineer II,Retail,Mass Customer,Yes,7,5-10,2,<3,40.14
Becka,Hacon,Female,81,1965-07-03,58.0,50-60,VIC,General Manager,Financial Services,Affluent Customer,No,17,>15,9,>9,40.12
Gabey,Kennicott,Female,55,1958-05-14,66.0,60-70,NSW,Developer I,Financial Services,Affluent Customer,No,17,>15,6,6-9,40.11
